Source.Name,文献番号,出願番号,出願日,公知日,発明の名称,出願人/権利者,FI,要約,公開番号,公告番号,登録番号,審判番号,その他,文献URL
特実_国内文献_カクテル　セルロース.csv,特開2013-176393,特願2013-118903,2013/6/5,2013/9/9,リグノセルロース性物質を処理する酵素、前記をコードする核酸並びに前記を製造及び使用する方法,"ビーエーエスエフ　エンザイムズ　リミテッド　ライアビリティ　カンパニー,シンジェンタ　パーティシペーションズ　アーゲー,ビーピー・コーポレーション・ノース・アメリカ・インコーポレーテッド","C12N1/15,C12N1/19,C12N1/21,C12N5/00,101,C12N9/26,C12N9/42,C12N15/00@A,C12P19/00,C13K1/02,C13K13/00,C12N5/10,C12N15/54,C12N15/56,C12N15/62@Z,C12N15/63@Z,C12N15/70@Z,C12N15/74,110@Z,C12N15/75@Z,C12N15/76@Z,C12N15/80@Z,C12N15/81@Z,C12N15/82@Z,C12N15/85@Z,C12N15/86@Z,C12N15/861@Z,C12N15/864,100@Z,C12N15/867@Z","(57)【要約】
【課題】本発明は、リグノセルロース分解活性を有するポリペプチド、これらポリペプチ<BR>ドをコードするポリヌクレオチド、並びに、これらポリヌクレオチド及びポリペプチドを<BR>製造及び使用する方法を提供する。
【解決手段】配列番号:33に対して、少なくとも80%の配列同一性（相同性）を有する、リ<BR>グノセルロース系活性を有するポリペプチドをコードする核酸配列（ポリヌクレオチド）<BR>、又は前記ポリペプチドの酵素的に活性なフラグメントをコードする核酸配列、又は配列<BR>番号:34及び／又はそのフラグメントと特異的に結合する抗体を生成することができるポ<BR>リペプチドをコードする核酸配列を含む、単離、合成又は組換え核酸。
【選択図】なし
",特開2013-176393,,,,,https://www.j-platpat.inpit.go.jp/c1800/PU/JP-2013-176393/BC670C1CD89013CB25D0D69B265ECE4007C65E3D500352C350B1692402AA5896/11/ja
特実_国内文献_カクテル　セルロース.csv,特開2015-126733,特願2015-000134,2015/1/5,2015/7/9,キシラナーゼ、キシラナーゼをコードする核酸並びにそれらを製造及び使用する方法,ビーピー・コーポレーション・ノース・アメリカ・インコーポレーテッド,"C12N9/42,A23K1/16,303@F,A23L1/305,C12N15/00@A,C12N11/00,C12P7/04,A23K20/147,A23L33/10,A23L33/17,A23K10/14,A23K20/189,C12N15/29,C12N15/55,C12N15/62@Z,C12N15/63@Z","(57)【要約】
【課題】本発明は、ヘミセルロース（植物の細胞壁の主要成分）を分解する方法および処<BR>理工程を提供する。さらにまた、新規なキシラナーゼ、マンナナーゼおよび／またはグル<BR>カナーゼを設計する方法、およびその使用方法もまた提供される。
【解決手段】（i）特定のヌクレオチド残基変化を有する配列番号:1の核酸（ポリヌクレ<BR>オチド）配列または(ii)配列番号:1、配列番号:3、配列番号:5、配列番号:7、配列番号:9<BR>、配列番号:11、配列番号:13、配列番号:15、配列番号:17、配列番号:19、配列番号:21ま<BR>たは配列番号:23の核酸配列と少なくとも約50％の配列同一性を有する配列を含む核酸、<BR>およびそれらにコードされるポリペプチド。
【選択図】なし
",特開2015-126733,,,,,https://www.j-platpat.inpit.go.jp/c1800/PU/JP-2015-126733/651601EB9A999B69982E3BF0DE1757846B758FBE79047BDE3498E0A918FB9CE0/11/ja
特実_国内文献_カクテル　セルロース.csv,特開2016-163562,特願2016-016946,2016/2/1,2016/9/8,リグノセルロース性物質を処理する酵素、前記をコードする核酸並びに前記を製造及び使用する方法,ビーピー・コーポレーション・ノース・アメリカ・インコーポレーテッド,"C12N15/00@A,A01H5/10,A23K1/165@C,A01K67/027,A23L2/00@J,A23L33/10,C12C11/00,A21D2/26,C12N11/00,C12N9/10,C12Q1/34,C12P19/00,C12N1/15,C13K1/02,A61Q19/10,A61K37/48,A61P3/02,C11D3/386,C07K19/00,A01H1/00@A,A23K1/16,304@C,A23L33/17,C12N15/00@G,C12C7/18,A21D13/00,C12N9/26@Z,C12P7/16,C12N1/19,C13K13/00,A61K8/66,A61P39/02,C11D7/42,C07K16/40,A01H5/00@A,C12N9/42,C12P7/10,C12N1/21,A01H3/00,C12N9/96,C12P7/02,C12N5/10,A21D13/40,A61K38/43,A01H6/02,A01H6/06,A01H6/12,A01H6/14,A01H6/46,A01H6/82,A23L2/66,A23K10/30,A23K20/189,C12N15/56,C12C7/28,C12C11/00@Z","(57)【要約】      （修正有）
【課題】リグノセルロース分解活性を有するポリペプチド、これらポリペプチドをコード<BR>するポリヌクレオチド、並びに、これらポリヌクレオチド及びポリペプチドを製造及び使<BR>用する方法を提供する。
【解決手段】リグノセルロース系活性を有するポリペプチドをコードする核酸配列（ポリ<BR>ヌクレオチド）、又は前記ポリペプチドの酵素的に活性なフラグメントをコードする核酸<BR>配列、又は特定の配列及び／又はそのフラグメントと特異的に結合する抗体を生成するこ<BR>とができるポリペプチドをコードする核酸配列を含む、単離、合成又は組換え核酸。
【選択図】なし
",特開2016-163562,,,,,https://www.j-platpat.inpit.go.jp/c1800/PU/JP-2016-163562/72EB164F2BF1946EC65C727F317DE102D8BD09713A9BB06D885D2AE394A04A22/11/ja
特実_国内文献_カクテル　セルロース.csv,特開2017-148044,特願2017-033673,2017/2/24,2017/8/31,キシラナーゼ、キシラナーゼをコードする核酸並びにそれらを製造及び使用する方法,ビーピー・コーポレーション・ノース・アメリカ・インコーポレーテッド,"C12N15/00@A,A01H5/00@A,A01H5/10,A01K67/027,C12N11/02,C12N9/42,C12N1/15,C12N1/19,C12N1/21,C12N5/10,B09B3/00,304@Z,C07K16/40,D21C9/10@Z,C12N15/56,B09B3/45,B09B3/70,B09B101:85","(57)【要約】      （修正有）
【課題】ヘミセルロース（植物の細胞壁の主要成分）を分解する方法及び処理工程、更に<BR>また、新規なキシラナーゼ、マンナナーゼ及び／又はグルカナーゼを設計する方法及びそ<BR>の使用方法の提供。
【解決手段】特定の変異を含む、キシラナーゼ活性を有するポリペプチドをコードする核<BR>酸、および、その核酸によってコードされるポリペプチド。前記ポリペプチドは組換え合<BR>成した基準となるキシラナーゼと少なくとも95%の配列同一性を有する配列を含み、該キ<BR>シラナーゼのアミノ酸残基３８がアルギニン（R）からヒスチジン（H）へ変化する変異を<BR>含むポリペプチド。
【選択図】なし
",特開2017-148044,,特許6484266,,,https://www.j-platpat.inpit.go.jp/c1800/PU/JP-2017-148044/A2182C517EECF428DA3B3F98084FF2B1C623EC89C1D38FB4357108266FB3FA02/11/ja
特実_国内文献_カクテル　セルロース.csv,特開2019-088320,特願2019-025490,2019/2/15,2019/6/13,キシラナーゼ、キシラナーゼをコードする核酸並びにそれらを製造及び使用する方法,ビーピー・コーポレーション・ノース・アメリカ・インコーポレーテッド,"C12N15/56,A01H5/00@A,A01K67/027,C12N15/62@Z,C12N15/63@P,C12N9/24,C12P19/00,C12N1/15,C12N1/19,C12N1/21,C12N5/10,C07K16/40","(57)【要約】      （修正有）
【課題】ヘミセルロース（植物の細胞壁の主要成分）を分解する方法および処理工程の提<BR>供。さらにまた、新規なキシラナーゼ、マンナナーゼおよび／またはグルカナーゼを設計<BR>する方法、およびその使用方法の提供。
【解決手段】特定の変異を含む、キシラナーゼ活性を有するポリペプチドをコードする核<BR>酸、および、その核酸によってコードされるポリペプチドを利用した方法および工程。前<BR>記ポリペプチドは特定のアミノ酸配列と少なくとも95%の配列同一性を有する配列を含み<BR>、該アミノ酸配列の特定のアミノ酸残基が特定のアミノ酸残基へ変化する変異を含む。
【選択図】なし
",特開2019-088320,,,,,https://www.j-platpat.inpit.go.jp/c1800/PU/JP-2019-088320/7270B76B3DA717B490B95D82839A567D785F4775C6069F80F8961271D3CD14FF/11/ja
特実_国内文献_カクテル　セルロース.csv,特開平02-055952,特願昭63-203041,1988/8/15,1990/2/26,乾燥化学試薬放出物品、その製造方法ならびにこれを使用する分析方法およびテストキット,テクニムド・コーポレーション,"G01N31/22,121@F,G01N33/543,521,G01N33/543,591,G01N33/92@A,G01N33/92@Z",,特開平02-055952,,,,,https://www.j-platpat.inpit.go.jp/c1800/PU/JP-H02-055952/46A0A4F99DC0342834A754830A86C9E228D3B01305F3E4A6D5F98E1540D6BB73/11/ja
特実_国内文献_カクテル　セルロース.csv,特開平02-130469,特願昭63-271136,1988/10/28,1990/5/18,乾燥化学試薬放出物品、その製造方法ならびにこれを使用する分析方法およびテストキット,テクニムド・コーポレーション,"G01N31/22,121@F,G01N33/52@B,G01N33/543,591",,特開平02-130469,,,,,https://www.j-platpat.inpit.go.jp/c1800/PU/JP-H02-130469/2321376BC8D2B7F1EC090D1E6B823C07651BF5F4905C2CEBDDEEA32C6CAD4AED/11/ja
特実_国内文献_カクテル　セルロース.csv,特表2004-518949,特願2002-549932,2001/11/20,2002/6/20,生体分子を検出および分析するための方法、装置、アレイ、およびキット,"２０／２０　ジーンシステムズ　インコーポレイテッド,アメリカ合衆国","C12Q1/68@A,G01N27/26,301@A,G01N27/26,315@F,G01N27/26,315@H,G01N27/26,315@J,G01N27/26,325@A,G01N33/53@D,G01N33/566,G01N37/00,102,G01N27/447,301@A,G01N27/447,315@F,G01N27/447,315@H,G01N27/447,315@J,G01N27/447,325@A","(57)【要約】
本開示は、試料から溶出した生体分子の「カーボンコピ<BR>ー」を作製して、対象となる生体分子に対して特異的親<BR>和性を有する一つまたは複数の検出子分子（例えば抗体<BR>またはＤＮＡプローブ）を用いて、コピー上の生体分子<BR>を可視化することによって、組織切片または他の実質的<BR>に二次元の試料（例えば、電気泳動ゲルまたはｃＤＮＡ<BR>マイクロアレイ）において生体分子を検出する装置、ア<BR>レイ、キットおよび方法に関する。試料中の生体分子の<BR>パターンを同定するために特定の方法が提供される。細<BR>胞および／または組織、特にヒトの細胞および／または<BR>組織によって産生される生体分子を同定および分析する<BR>ための他の特異的方法を提供する。本開示はまた、上記<BR>の方法によって用いるために異なるように調製および／<BR>または処理され、それによって生体分子の同定および分<BR>析を行うことができる複数のメンブレンを提供する。例<BR>えば、図１は、ウィック（２０）を用いて分子が組織切<BR>片（１１）から移動するメンブレンアレイ（１３）を示<BR>す。
",特表2004-518949,,,,,https://www.j-platpat.inpit.go.jp/c1800/PU/JP-2004-518949/05811D57E76DA24E7823B5CBCD62B905722E063AE178BE50F3D5BB60BD52F6A3/11/ja
特実_国内文献_カクテル　セルロース.csv,特表2007-504834,特願2006-526383,2004/9/10,2005/3/24,酵素カクテルの配合方法、卵系及び草系の染み及び／又は汚れ除去のための酵素カクテル類、同カクテル類を含む組成物及び製品,ザ　プロクター　アンド　ギャンブル　カンパニー,"C11D3/386,C12N9/14,101,C12N9/16@D,C12N9/20,C12N9/24,C12N9/42,C12N9/50,C12N9/14,C12N9/16@Z","(57)【要約】
  標的染み及び／又は汚れ中の酵素加水分解可能な成分の存在に基づく酵素カクテル類の<BR>配合方法。より具体的には、標的とする染み及び／又は汚れ中の各成分に特異的な酵素を<BR>含む酵素カクテルの配合であって、所望により、各酵素は前記標的染み及び／又は汚れ中<BR>の酵素加水分解可能な成分の濃度に応じた量で組み込まれる。さらに、卵系及び草系の汚<BR>れを除去するための酵素カクテル類であって、所望により本明細書に開示される方法に従<BR>って配合される前記酵素カクテル類。さらに、本明細書に開示される酵素カクテル類を含<BR>む組成物及び製品並びに同組成物及び製品の使用方法。
",特表2007-504834,,,,,https://www.j-platpat.inpit.go.jp/c1800/PU/JP-2007-504834/4E9DF5601411C8415640A3160EFB7BA82FDE92B24C72426D9D4062193E50798D/11/ja
特実_国内文献_カクテル　セルロース.csv,特表2007-528285,特願2006-507621,2004/5/6,2004/11/18,封入された精油,ベン　グリオン　ユニバーシティ　オブ　ザ　ネゲブ　リサーチ　アンド　ディベロップメント　オーソリティ,"A01N25/28,A01N65/00@A,A01N65/00,103,A01N65/00,116,A01N65/00,117,A01N65/00,118,A01N65/00,120,A01N65/00,123,A01N65/00,124,A01N65/00,131,A01N65/00,132,A01N65/00,134,A01N65/06,A01N65/20,A01N65/22,A01N65/24,A01N65/28,A01N65/34,A01N65/36,A01N65/42,A01N65/44,A01N65/48,A61K9/50,A61K9/58,A61K47/34,B01F17/42,B01F17/52,B01F17/56,B01J13/02@D,B01J13/02@K,B01J13/14,B01J13/16,B01J13/20,B01J13/22,C09K23/42,C09K23/52,C09K23/56","(57)【要約】
  本発明は、精油にジまたはポリイソシアネートを溶解すること、界面重合を通して前記<BR>精油の封入を行うために、得られる混合物を、ジまたはポリアミンおよび／またはジまた<BR>はポリヒドロキシ化合物を含む水溶液中に乳化させることを含み、それにより、精油液滴<BR>の周りにポリ尿素および／またはポリウレタンフィルムが形成され、そのフィルムは前記<BR>精油の安定性を高め、その蒸発速度を減少させ、基材に適用されるときのその放出速度を<BR>制御するところの精油マイクロカプセルの製造のための方法を提供する。
",特表2007-528285,,,,,https://www.j-platpat.inpit.go.jp/c1800/PU/JP-2007-528285/8526CB416E974FE1E7FB024BA630B5203CEE3A648F17B304F77D08EB33C26146/11/ja
特実_国内文献_カクテル　セルロース.csv,特表2010-516296,特願2009-548427,2008/1/30,2008/8/7,リグノセルロース性物質を処理する酵素、前記をコードする核酸並びに前記を製造及び使用する方法,"ビーエーエスエフ　エンザイムズ　リミテッド　ライアビリティ　カンパニー,シンジェンタ　パーティシペーションズ　アーゲー","A01H1/00@A,A01H5/00@A,A01K67/027,A21D2/26,A21D10/00,A21D13/00,A23L2/00@A,A61K37/54,A61L15/03,A61P1/02,A61P1/14,A61P17/02,C07K16/40,C07K19/00,C10L1/02,C11D3/386,C11D7/42,C12C9/02,C12N1/15,C12N1/19,C12N1/21,C12N5/00,101,C12N5/00,102,C12N9/42,C12N11/00,C12N15/00@F,C12N15/00@G,C12N15/00@A,C12P21/02@C,C12Q1/34,C12Q1/68@A,C12N5/12,A21D13/40,A61K38/46,A01H6/02,A01H6/06,A01H6/12,A01H6/14,A01H6/20,A01H6/46,A01H6/54,A01H6/82,A23L2/52,A61K38/48,A61K38/47,C12N15/09,200,A61L15/32,100,A61L15/44,100,A61L26/00,A61L27/22,A61L27/54,C12C7/00@B,C12C7/00@Z","(57)【要約】
  本発明は、リグノセルロース分解活性、例えばグリコシルヒドロラーゼ、セルラーゼ、<BR>エンドグルカナーゼ、セロビオヒドロラーゼ、ベータ-グルコシダーゼ、キシラナーゼ、<BR>マンナナーゼ、キシロシダーゼ（例えばβ-キシロシダーゼ）、アラビノフラノシダーゼ<BR>、及び／又はグルコースオキシダーゼ活性を有するポリペプチド、これらポリペプチドを<BR>コードするポリヌクレオチド、並びに、これらポリヌクレオチド及びポリペプチドを製造<BR>及び使用する方法を提供する。ある特徴では、本発明は、サトウキビバガスを酵素的に処<BR>理する（加水分解する）ことができる、すなわちサトウキビバガスの分解用、又はバイオ<BR>マス加工用のポリペプチド、及びこれらの酵素をコードするポリヌクレオチド、並びにこ<BR>れらポリヌクレオチド及びポリペプチドを製造及び使用する方法を提供する。ある実施態<BR>様では、本発明は、本発明のポリペプチドの熱安定型及び耐熱型を提供する。本発明のポ<BR>リペプチドは、多様な医薬的、農業的及び工業的関係で用いることができる。例えば、本<BR>発明は、砂糖工場で処理されるサトウキビのバガス成分中の多糖類を加水分解することが<BR>できる多酵素系を提供する。本発明は、リグノセルロース系残留物の醗酵性糖へのバイオ<BR>変換用酵素を提供し、さらにこれら糖類は、エタノール及び燃料（バイオ燃料、例えばバ<BR>イオエタノール、バイオプロパノール、バイオブタノール及びバイオディーゼルを含む）<BR>製造用のフィードストックケミカルとして用いることができる。
",特表2010-516296,,,,,https://www.j-platpat.inpit.go.jp/c1800/PU/JP-2010-516296/BA0B343946F08C3CA45FBA99E4A57392DFC9421313B6DD9222DFE973991537E1/11/ja
特実_国内文献_カクテル　セルロース.csv,特表2011-510613,特願2010-528014,2008/8/1,2009/4/9,キシラナーゼ、キシラナーゼをコードする核酸並びにそれらを製造及び使用する方法,ビーピー・コーポレーション・ノース・アメリカ・インコーポレーテッド,"A01H1/00@A,A01H5/00@A,A01K67/027,A21D2/26,A23G3/00,101,A23G3/30,A23K1/16,303@F,A23K1/165@C,A23L1/30@Z,A61K37/48,A61P1/00,171,A61P3/00,171,B09B3/00,304@Z,C07K16/40,C07K19/00,C11D3/386,C12C5/02,C12C7/00,C12N1/15,C12N1/19,C12N1/21,C12N5/00,101,C12N5/00,102,C12N5/00,103,C12N9/42,C12N11/00,C12N15/00@F,C12N15/00@G,C12N15/00@A,C12P7/10,C12Q1/34,D21C9/10@Z,C12N5/10,A23K20/147,A23K20/189,A23L33/10,A23K10/10,A23K10/20,A23K10/30,A23K10/35,A23K10/38,A23K20/153,A23K20/163,A61K38/43,A23G3/34,101,A23G4/00,A01H6/06,A01H6/14,A01H6/46,A01H6/62,A01H6/82,A23G3/36,A23G4/12,C12N15/09,200,C12C7/00@Z,C12C12/00,B09B3/45,B09B3/70,B09B101:85","(57)【要約】
  本発明は、キシラナーゼ、マンナナーゼおよび／またはグルカナーゼ活性、例えば内部<BR>β-1,4-キシロシド結合またはエンド-β-1,4-グルカナーゼ結合の加水分解を触媒する活<BR>性、および／または直鎖多糖類ベータ-1,4-キシランのキシロースへの分解作用を有する<BR>酵素に関する。したがって、本発明は、ヘミセルロース（植物の細胞壁の主要成分）を分<BR>解する方法および処理工程を提供する。前記方法および処理工程には、任意の植物または<BR>木材もしくは木材製品、木材廃棄物、紙パルプ、紙製品または紙廃棄物もしくは副産物中<BR>のヘミセルロースを加水分解する方法および処理工程が含まれる。さらにまた、新規なキ<BR>シラナーゼ、マンナナーゼおよび／またはグルカナーゼを設計する方法、およびその使用<BR>方法もまた提供される。本キシラナーゼ、マンナナーゼおよび／またはグルカナーゼは、<BR>上昇pHおよび温度で高い活性および安定性を有する。
",特表2011-510613,,特許5744518,拒絶2015-000053,,https://www.j-platpat.inpit.go.jp/c1800/PU/JP-2011-510613/8E2E6624BEA25658A83E075147C3ED5345DA34B4DAA6AFA68A1B287C408AB031/11/ja
特実_国内文献_カクテル　セルロース.csv,特表2011-514141,特願2010-541544,2008/12/31,2009/7/16,トランスフェラーゼおよびオキシドレダクターゼ、それらをコードする核酸並びにそれらを製造および使用する方法,ビーエーエスエフ　エンザイムズ　リミテッド　ライアビリティ　カンパニー,"A01H1/00@A,A01H5/00@A,A01K67/027,A21D2/26,A23K1/16,303@F,A23L1/305,A23L2/00@F,A23L3/00,101,A61K8/66,A61K31/713,A61K37/50,A61K37/52,A61K48/00,A61P43/00,105,A61Q11/00,A61Q11/02,C07K16/00,C07K16/40,C07K17/00,C07K19/00,C11D3/386,C11D7/42,C12C1/00,C12C5/02,C12C7/00,C12N1/15,C12N1/19,C12N1/21,C12N5/00,101,C12N5/00,102,C12N9/04,C12N9/10,C12N15/00@F,C12N15/00@G,C12N15/00@A,C12P21/02@C,C12P41/00@H,C12Q1/32,D03D15/00@E,D21C5/02,D21C9/00,D21H11/20,G01N33/15@Z,G01N33/50@Z,G02C13/00,C12N5/10,A23K20/147,A23L33/10,A23L33/17,A23K10/14,A23K10/30,A23K40/10,A61K38/44,A61K38/45,A01H6/06,A01H6/14,A01H6/20,A01H6/46,A01H6/54,A01H6/66,A01H6/82,A23L2/52,C12Q1/6876@C,C12N15/86@P,C12N15/63@P,C12N15/113,130@P,C12N15/09,200,C12Q1/6876@Z,C12N15/113,130@Z,C12N15/63@Z,C12N15/86@Z,C12C7/00@Z,D03D15/20,100,D03D15/217,C12N9/04@Z","(57)【要約】
  本発明は、一般に酵素、前記酵素をコードするポリヌ<BR>クレオチド、そのようなポリヌクレオチドおよびポリペ<BR>プチドの使用に関し、より具体的には、トランスフェラ<BR>ーゼ活性、例えばトランスアミナーゼ活性、例えばd-ア<BR>ミノ酸トランスフェラーゼ活性、および／またはオキシ<BR>ドレダクターゼ活性、例えばデヒドロゲナーゼ活性、例<BR>えばd-アミノ酸デヒドロゲナーゼ活性を有し、および／<BR>または化学基転移を触媒し、アミノ基転移反応を触媒し<BR>、以下の反応（D-アラニン＋2-オキソグルタル酸＜＝＞<BR>ピルビン酸＋D-グルタミン酸）を触媒し、および／また<BR>は酸化還元反応を触媒し、水素原子除去を触媒し、およ<BR>び／または以下の反応（D-アミノ酸＋H2O＋アクセプタ<BR>ー＜＝＞2-オキソ酸＋NH3＋還元アクセプター）を触媒<BR>する酵素に関する。したがって本発明は、本発明のポリ<BR>ペプチドまたはポリヌクレオチドを含む、酵素、組成物<BR>、以下（医薬組成物、医薬中間体、抗生物質、甘味剤、<BR>ペプチド酵素、ペプチドホルモン、燃料および燃料添加<BR>物組成物、食品および食品添加物、飲料および飲料添加<BR>物、飼料および飼料添加物、薬剤および薬剤添加物、栄
",特表2011-514141,,特許5563990,,,https://www.j-platpat.inpit.go.jp/c1800/PU/JP-2011-514141/50B8F63A3FE500B8BF3BEA2AF6AAF9FC4C3FD2CFEB8911DEE3B27E2836B3B453/11/ja
特実_国内文献_カクテル　セルロース.csv,特表2011-514806,特願2010-548930,2009/2/27,2009/9/3,二種の微生物の連続作用による植物材料の燃料および化学物質への変換のための方法,クテロス，　インコーポレイテッド,"B09B3/00@C,B09B3/00@D,C02F3/28@Z,C02F3/34@Z,C02F11/04@Z,C12N1/16@E,C12N1/20@A,C12P7/10,C12P19/14@A,B09B3/60,B09B3/65,B09B101:00,B09B101:70,B09B101:85","(57)【要約】
セルロース材料を含めた複雑な植物性多糖を燃料および他の化学物質に変換するための方<BR>法が開示される。好適な実施形態では、この方法は、２種以上の微生物による植物性多糖<BR>の連続加水分解を含む。さらなる好適な実施形態では、この方法は、１つの生物によって<BR>、植物性多糖をより短い鎖の多糖または他の化合物に変換することを含み、次いでこれは<BR>、別の生物によって基質として使用されて所望の化合物を生成する。他の好適な実施形態<BR>では、この方法は、セルロース分解性好気性微生物による植物性多糖の連続加水分解、お<BR>よび嫌気性微生物による加水分解産物の発酵を含む。
",特表2011-514806,,,,,https://www.j-platpat.inpit.go.jp/c1800/PU/JP-2011-514806/174BE667DA9EF3083DF247C78E9CEA82DFB187830C7F7DC13E655E8A027E801E/11/ja
特実_国内文献_カクテル　セルロース.csv,特表2013-512877,特願2012-541498,2010/12/2,2011/6/9,幹細胞の刺激のための医薬組成物,カーディオ３　バイオサイエンシーズ　エス．エー．,"A61K9/10,A61K31/727,A61K35/12,A61K37/02,A61K37/24,A61K37/64,A61K37/66@G,A61K45/00,A61K47/26,A61K47/34,A61K47/36,A61K47/38,A61P9/00,A61P9/10,A61P43/00,105,A61K38/00,A61K38/05,A61K38/18,A61K38/19,A61K38/21,A61K38/22,A61K38/30,A61K35/34,A61K35/545,A61K38/55","(57)【要約】
  本発明は、少なくとも２種の幹細胞刺激剤と少なくとも１種の医薬として許容し得る補<BR>形薬とを含む、幹細胞の刺激のためのヒトまたは動物用医薬組成物（Ｂ）に関するもので<BR>ある。
【選択図】なし
",特表2013-512877,,,,,https://www.j-platpat.inpit.go.jp/c1800/PU/JP-2013-512877/09CDFC0682443ACA54C489FDED84F590DFC3344652E4C6D42A21B72175F3E254/11/ja
特実_国内文献_カクテル　セルロース.csv,特表2013-512957,特願2012-543189,2010/12/7,2011/6/16,ピリジノンヒドロキシシクロペンチルカルボキサミド類：治療用途を備えたＨＩＶインテグラーゼ阻害剤,ユニバーシティ　オブ　ジョージア　リサーチ　ファウンデーション，　インコーポレーテッド,"A61K9/02,A61K9/72,A61K31/4412,A61K31/4439,A61K45/00,A61P31/18,A61P43/00,111,A61P43/00,121,C07D213/64,C07D401/12","(57)【要約】
  新規のキラルなオキシ置換型シクロペンチルピリジノンジケトカルボキサミド類、新規<BR>のアキラルなオキシ置換型シクロペンチルピリジノンジケトカルボキサミド類、及びそれ<BR>らの誘導体、並びにそれらの生成方法を開示する。化合物は、互変異性体、位置異性体及<BR>び幾何異性体を含む。かかる複雑なカルボキサミド類は、ＨＩＶ－１インテグラーゼを阻<BR>害するＨＩＶ複製阻害剤として設計されたものである。本発明の化合物は、ＨＩＶ感染の<BR>予防又は治療、並びにＡＩＤＳ及びＡＲＣの治療において有用であり、その化合物又は薬<BR>理的に許容される塩のいずれかで、薬理的に許容される担体と共に、単独で又は組み合わ<BR>せの抗ＨＩＶカクテルを製造可能である抗ウイルス薬、免疫調節物質、抗生物質、ワクチ<BR>ン及びその他の治療薬、特に他の抗ＨＩＶ化合物（本発明以外の他の抗ＨＩＶインテグラ<BR>ーゼ剤を含む）と組み合わせて使用される。ＡＩＤＳ及びＡＲＣを治療する方法、並びに<BR>ＨＩＶ感染を治療又は予防する方法も記載される。
",特表2013-512957,,,,,https://www.j-platpat.inpit.go.jp/c1800/PU/JP-2013-512957/029A7E0D60CA3E278F5C9E1801D281D3D30DA984DF61390737ADF964E7671A23/11/ja
特実_国内文献_カクテル　セルロース.csv,特表2013-519101,特願2012-552917,2011/2/7,2011/8/11,化学センサーの抗酸化剤保護,グルメトリクス，　インコーポレイテッド,"G01N21/64@F,G01N21/78@C","(57)【要約】
抗酸化剤保護を有する検体センサーが開示される。抗酸化剤および／または捕捉剤を、セ<BR>ンサー部分を含有するポリマーマトリックス中へ組み合わせることにより、センサー部分<BR>が、活性酸素種から保護される。検体センサーの作製方法、および水和され、高分子化さ<BR>れた検体センサー系における検出成分の酸化劣化を阻止する方法も開示される。
",特表2013-519101,,,,,https://www.j-platpat.inpit.go.jp/c1800/PU/JP-2013-519101/2F8C94E209C78E143E3762854B82123FD61D2627C7DA6053B64D948A2EF867AA/11/ja
特実_国内文献_カクテル　セルロース.csv,特表2013-533978,特願2013-519088,2011/7/13,2012/1/19,生体分子の単離および／または精製のためのデバイス,キアゲン　ゲーエムベーハー,"G01N1/10@C,G01N1/10@V","(57)【要約】
本発明は、サンプル中の望ましくない化合物を結合、吸着、吸収、キレート化、または保<BR>持する少なくとも１つの固体マトリックスと、好ましくは、周囲条件下では液体および固<BR>体に対して不透過性であるが外力を加えることによって液体透過性になる少なくとも１つ<BR>の障壁とを含む、少なくとも１つの開口端を有する中空本体を含むデバイス、サンプルか<BR>ら生体分子を単離または精製するためのそのようなデバイスの使用、該デバイスを調製す<BR>るための方法、および該デバイスを使用して任意の生体分子を単離または精製するための<BR>方法に言及する。
",特表2013-533978,,特許6161205,拒絶2016-009032,,https://www.j-platpat.inpit.go.jp/c1800/PU/JP-2013-533978/0E603F87D8D4567E7FEB3967F56AAEA230C530D8B764B6E6BCBC0ECE6FC4F161/11/ja
特実_国内文献_カクテル　セルロース.csv,特表2014-509836,特願2013-546340,2011/12/20,2012/6/28,Ｃ．ｂｅｓｃｉｉの耐熱性酵素,ザ　ボード　オブ　トラスティース　オブ　ザ　ユニバーシティー　オブ　イリノイ,"B09B3/00@A,B09B3/00@Z,B09B3/00,304@Z,C12N1/15,C12N1/19,C12N1/21,C12N5/00,101,C12N9/24,C12N15/00@A,C12N15/00,C12P19/14@A,C13K1/02,C12N5/10,C12N15/56,B09B3/35,B09B3/45,B09B3/60,B09B3/70,B09B101:85","(57)【要約】
  本開示は、セルロースおよび／またはヘミセルロース<BR>の分解に有用な、Caldicellulosiruptor besciiから単<BR>離された耐熱性酵素およびそのフラグメント（耐熱性セ<BR>ルラーゼおよびヘミセルラーゼが挙げられる）を提供す<BR>る。本開示はさらに、本開示の耐熱性酵素をコードする<BR>核酸を提供する。本開示はまた、本開示の耐熱性酵素を<BR>用いてセルロースおよびヘミセルロースを発酵性糖へ変<BR>換する方法を提供する。本開示はまた、本明細書に開示<BR>されている複数の酵素を含んでいる酵素カクテルを提供<BR>する。本酵素は、セルロースまたはヘミセルロース中に<BR>存在する糖を、その後の、付加価値のある産物を生産す<BR>るための発酵のために遊離させることに利用され得る。
",特表2014-509836,,,,,https://www.j-platpat.inpit.go.jp/c1800/PU/JP-2014-509836/F6B5F90A22F34FE56E52E606A8670F1776D6B3296DBDCFA11C3B56A7CEDF3FD0/11/ja
特実_国内文献_カクテル　セルロース.csv,特表2015-500041,特願2014-547276,2012/12/4,2013/6/20,混合培養物から調製された酵素カクテル,ダニスコ・ユーエス・インク,"C12N1/15,C12N1/19,C12N1/21,C12N5/00,101,C12N9/00,C12N9/24,C12N15/00@A,C12N5/10,C12N15/52@Z,C12N15/56","(57)【要約】
  本出願は、２つ以上の細胞株を使用し、酵素混合物を<BR>産生する方法、酵素混合物を産生するための細胞株の特<BR>定又は作製方法、並びに酵素混合物を産生するための細<BR>胞バンクを準備する方法、を提供する。
【選択図】図１
",特表2015-500041,,,,,https://www.j-platpat.inpit.go.jp/c1800/PU/JP-2015-500041/2B1E3B58B6C5A2379DE9767A397618F0D8793E4DD68C48ABC7A19A902AC9ED54/11/ja
特実_国内文献_カクテル　セルロース.csv,特表2015-519070,特願2015-516661,2013/6/10,2013/12/27,リグノセルロース材料の生化学的変換プロセスからの液体残渣を使用する酵素カクテルの産生方法,イエフペ　エネルジ　ヌヴェル,C12N9/42,"(57)【要約】
【課題】容易に入手可能であり、リグノセルロース材料の加水分解のために適切な活性を<BR>有する酵素カクテルを産生できる、インデューサ炭素の新規な供給源を提供すること。
【解決手段】セルロース分解性微生物を用いた酵素カクテルの産生方法であって、次の２<BR>つの段階、炭素性増殖溶液の存在下、閉鎖リアクタ内での、微生物の増殖段階ａ）と、炭<BR>素性基質の濃度が１５０～４００ｇ／Ｌの範囲である炭素性産生溶液を供給して行われる<BR>酵素カクテルの産生段階であって、炭素性産生溶液が炭素性インデューサ基質を含む段階<BR>ｂ）とを含む方法において、炭素性インデューサ基質が、リグノセルロース材料の前処理<BR>工程から得られる液体残渣であって、液体残渣は殺菌又はｐＨ調整せずに用いられ、液体<BR>残渣のＣ５糖オリゴマーが液体残渣中に存在する糖全体の少なくとも１重量％を占め、且<BR>つ炭素性産生溶液中に存在する糖全体の少なくとも０．３重量％を占める、方法。
【選択図】    なし
",特表2015-519070,,特許6581904,拒絶2018-007652,,https://www.j-platpat.inpit.go.jp/c1800/PU/JP-2015-519070/E2666FC47C258BF2943CEAA7E3CE29232BBAC163FAF4743FFE6C9173544492D5/11/ja
特実_国内文献_カクテル　セルロース.csv,特表2019-520842,特願2019-502202,2017/7/11,2018/1/25,フィルタープレス及びセラミック膜接線濾過によるトリコデルマ・リーゼイからの酵素の分離,"アンスティテュ　ナシオナル　ドゥ　ラ　ルシェルシュ　アグロノミク,イエフペ　エネルジ　ヌヴェル","C12N9/14,C12P7/06,C12N1/02,C13K1/02","(57)【要約】
本発明は。培地から、酵素カクテルとトリコデルマ・リーゼイ菌とを分離する方法に関す<BR>る。前記培地は、前記菌による酵素の生成から得られたものであり、前記方法において、
－  前記培地を、製造を停止してから３０時間以下の期間内に、６００ｎｍで２．５未満<BR>の修正光学密度ＯＤを有する濾液を得るように、３～２０μｍの多孔度を有する濾布を内<BR>張りしたフィルタープレス上での分離にかけ、
－  得られた液相を、修正ＯＤ６００ｎｍが０．１を超えないように、０．５～１．４μ<BR>ｍのカットオフ閾値を有するセラミック膜上での接線精密濾過にかける。
  【選択図】なし
",特表2019-520842,,特許6942406,,,https://www.j-platpat.inpit.go.jp/c1800/PU/JP-2019-520842/439C5143570AAE2E740B7C69904678083CB7E0C0E66590FCE3C5CE0E3242A615/11/ja
特実_国内文献_カクテル　セルロース.csv,特表2020-523565,特願2019-566894,2018/6/5,2018/12/13,電気化学的バイオセンサー,サン・ケミカル・コーポレーション,"G01N27/416,338,G01N27/327,353@U,G01N27/327,353@R,G01N27/30@B,G01N27/416,302@Z,G01N27/48@Z","(57)【要約】
  本発明は、生物学的流体試料中の低濃度の分析物を測定するための電気化学的バイオセ<BR>ンサーを提供する。バイオセンサーは、１つ以上の作業電極と、参照電極と、対向電極と<BR>、バイオカクテルとを備えている。バイオカクテルは、緩衝溶液中に１つ以上の酵素と１<BR>つ以上の酸化還元メディエーターとを含んでいる。本発明は、本発明の電気化学的バイオ<BR>センサーを用いて生物学的流体試料中の低濃度の分析物を測定する方法も提供する。
【選択図】なし
",特表2020-523565,,,,,https://www.j-platpat.inpit.go.jp/c1800/PU/JP-2020-523565/5E541FC95085965FBF9FA13FAE426CB4C3C25CC930641DE2FF9FC142876C5C3E/11/ja
特実_国内文献_カクテル　セルロース.csv,特表2022-512557,特願2021-515571,2019/5/30,2020/3/26,生分解性異形押出し製品,"ダニマー・バイオプラスティックス・インコーポレーテッド,メレディアン・インコーポレーテッド","C08L67/04,C08K3/013,B29C48/09,B29C48/12,F16L11/04,C08L101/16","(57)【要約】
  チューブ及び給食用品のような生分解性製品を開示する。製品は少なくとも２５重量％<BR>のポリヒドロキシアルカノエートのような少なくとも１種の生分解性ポリマーで構成され<BR>るポリマー樹脂から押出し成形される。好ましくは、製品は異形押出しにより形成される<BR>。
",特表2022-512557,,,,,https://www.j-platpat.inpit.go.jp/c1800/PU/JP-2022-512557/25666D12F49F005A42EC83A5F2486C8CB32A21B665CAB879ADC4A156ECBC44AC/11/ja
特実_国内文献_カクテル　セルロース.csv,特表2022-541314,特願2022-504168,2020/7/16,2021/1/28,コロニー形成細胞を同定するためのアッセイ,ミルテニー　バイオテック　ベー．フェー．　ウント　コー．　カー・ゲー,"G01N33/53@Y,C12Q1/04","(57)【要約】
  本発明は、ａ）支持体上で１～１０００個の細胞の群<BR>における未分化の造血幹細胞の単離ステップ、ｂ）成長<BR>因子を含む細胞培地を提供することにより単離した細胞<BR>を増殖させて分化した造血細胞の細胞コロニーを形成す<BR>るステップ、ｃ）細胞コロニーと、少なくとも１つの検<BR>出部分及びＣＤ１４、ＣＤ２３５ａ及びＣＤ１５に対し<BR>て少なくとも１つの抗原認識部分を含む１つ以上のマー<BR>カー接合体とを接触させるステップ、ｄ）マーカー接合<BR>体で標識した細胞コロニーにおいて分化した造血幹細胞<BR>の相対量を検出するステップを含む、分化した造血細胞<BR>を検出するための方法に関する。
",特表2022-541314,,,,,https://www.j-platpat.inpit.go.jp/c1800/PU/JP-2022-541314/AA0104002A1082A359F2DFD790F6A856166AA438317F8486125D0FA6CCE4A3C4/11/ja
特実_国内文献_セルラーゼ　酵素混合物.csv,再表2011/065449,特願2011-543303,2010/11/25,2011/6/3,単糖製造方法,三井化学株式会社,C12P19/14@A,"(57)【要約】
  リグノセルロース原料及び糖化酵素から得られた糖化<BR>液を得ること、前記糖化液中の糖化酵素を、リグノセル<BR>ロース原料に吸着させて回収すること、及び、回収され<BR>た前記糖化酵素を用いて、リグノセルロース原料を糖化<BR>すること、を含むリグノセルロース原料から単糖を製造<BR>する単糖製造方法。
",WO2011/065449,,特許5431499,,再表2011/065449,https://www.j-platpat.inpit.go.jp/c1800/PU/JP-2011-065449/CFA0C638F8C5F3629C6AC1B255393558BF5DAB5EDC014A6E970B2961D23B5811/19/ja
特実_国内文献_セルラーゼ　酵素混合物.csv,再表2011/115040,特願2011-513804,2011/3/14,2011/9/22,糖液の製造方法およびその装置,東レ株式会社,"C12M1/40@Z,C12N9/26,C12N9/42,C12P19/14@A","(57)【要約】
  以下の工程（１）～（３）を含む糖液製造プロセスを<BR>繰り返して糖液を製造する方法であって、工程（３）で<BR>得られた回収酵素を次回以降の糖液製造プロセスの工程<BR>（１）に使用することを特徴とする、糖液の製造方法、<BR>を提供することを目的とする。
（１）セルロースに糸状菌由来セルラーゼを添加し一次<BR>加水分解する工程、
（２）工程（１）の加水分解物に未使用の糸状菌由来セ<BR>ルラーゼを添加して二次加水分解する工程、および
（３）工程（２）の加水分解物を固液分離し、得られた<BR>糖液から回収酵素を得る工程。
これにより、セルロース前処理物から糖液を製造する方<BR>法において、セルラーゼなどの酵素使用量を削減する方<BR>法を提供する。
【選択図】図１
",WO2011/115040,,特許5970813,拒絶2016-002985,再表2011/115040,https://www.j-platpat.inpit.go.jp/c1800/PU/JP-2011-115040/F013181070B14A502B680D2A51E5C13C7EB134E2E027F8D4605B1974CEEE0203/19/ja
特実_国内文献_セルラーゼ　酵素混合物.csv,特開2004-283033,特願2003-076834,2003/3/20,2004/10/14,消化率を改善した飼料,"物産バイオテック株式会社,林　國興","A23K1/00,103,A23K1/14,A23K1/16,303@F,A23K1/16,304@B,A23K1/165@C,A23K1/18@D,A23K1/18,102@A,A23K1/18,102@B,A23K20/147,A23K20/189,A23K50/75,A23K50/80,A23K10/14,A23K10/16,A23K10/30,A23K10/37","(57)【要約】
【課題】各種の酵素を含む飼料において、さらに消化率を改善した飼料を提供すること。
【解決手段】飼料成分、少なくとも１種以上の酵素、及びプロテアーゼ阻害剤を含む動物<BR>用飼料。
【選択図】    なし
",特開2004-283033,,,,,https://www.j-platpat.inpit.go.jp/c1800/PU/JP-2004-283033/D94C1C4C792B375BC88FD7D93FAFE2356A5D2E0CBBBC8AFE4F820B2C9F45D52A/11/ja
特実_国内文献_セルラーゼ　酵素混合物.csv,特開2004-283034,特願2003-076840,2003/3/20,2004/10/14,消化率を改善した飼料,"物産バイオテック株式会社,林　國興","A23K1/00,103,A23K1/14,A23K1/16,303@F,A23K1/16,304@B,A23K1/165@C,A23K1/18@D,A23K1/18,102@A,A23K1/18,102@B,A61K45/00,A23K20/147,A23K20/189,A23K50/75,A23K50/80,A23K10/14,A23K10/16,A23K10/30,A23K10/37","(57)【要約】
【課題】各種の酵素を含む飼料において、さらに消化率を改善した飼料を提供すること。
【解決手段】飼料成分、少なくとも１種以上の酵素、及びプロテアーゼ阻害剤を含む動物<BR>用飼料。
【選択図】    なし
",特開2004-283034,,,,,https://www.j-platpat.inpit.go.jp/c1800/PU/JP-2004-283034/03430D991073426E9509A7442D87327A18B2E28FCC5B2F4477F70FEE893EBA0F/11/ja
特実_国内文献_セルラーゼ　酵素混合物.csv,特開2007-061105,特願2006-311005,2006/11/17,2007/3/15,酵素混合物,アジツソ・フランス・エス・アー・エス,"A23K1/16,304@B,A23K1/165@C,A23K1/18@B,A23K1/18@D,A23K1/18@Z,C12N9/42,C12N15/00@A,A23K20/189,A23K50/10,A23K50/30,A23K50/75,A23K10/16,A23K10/30,A23K10/37,A23K20/105,A23K20/111,A23K20/158,A23K20/163,A23K20/20,A23K20/22,A23K20/24,C12N15/55,C12N15/56","(57)【要約】
【課題】穀類を主原料とする飼料、および、例えば、特にオオムギとコムギの含量が高い<BR>飼料の特徴は、飼料成分（澱粉、脂肪、タンパク質／アミノ酸）の消化が悪いことである<BR>。
【解決手段】本発明者らは、ペニシリウム・フニクロスム（Ｐｅｎｉｃｉｌｌｉｕｍ  ｆ<BR>ｕｎｉｃｕｌｏｓｕｍ）という分類に属する新規の微生物で、主には、穀類を主原料とす<BR>る飼料の消化性をうまく向上させるために利用できるような、新規の酵素及び酵素活性の<BR>混合物を含む微生物を発見開発した。
【選択図】なし
",特開2007-061105,,特許4421596,拒絶2009-015107,,https://www.j-platpat.inpit.go.jp/c1800/PU/JP-2007-061105/BDDAEF2C3C4ED3866E739F07CA0DCAEB3CC465267CE7436CB00382251799ED99/11/ja
特実_国内文献_セルラーゼ　酵素混合物.csv,特開2012-017459,特願2011-126215,2011/6/6,2012/1/26,土壌改良材の製造方法,本田技研工業株式会社,"B09B3/00,304@Z,C09K17/02@H,C09K17/32@H,C09K101:00,B09B3/70,B09B101:00,B09B101:85","(57)【要約】
【課題】糖化残渣からなり優れた土壌改良効果が得られ<BR>る土壌改良材の製造方法を提供する。
【解決手段】稲藁にアンモニア水を混合し、所定温度で<BR>所定時間保持した後にアンモニアを分離し、リン酸、硝<BR>酸又は硫酸の少なくとも一つを添加して、ｐＨを３～７<BR>に調整する。糖化酵素を添加して、糖化率が８０％以上<BR>となるように糖化処理する。糖化溶液を分離して、糖化<BR>残渣を得る。
【選択図】  図１
",特開2012-017459,,,,,https://www.j-platpat.inpit.go.jp/c1800/PU/JP-2012-017459/3E98B9CA978822794E3DB413E20F3800D3FF125C2E2619531298CE1D83CE23E9/11/ja
特実_国内文献_セルラーゼ　酵素混合物.csv,特開2012-017462,特願2011-127168,2011/6/7,2012/1/26,土壌改良材の製造方法,本田技研工業株式会社,"C05F5/00,C09K17/32@H,C09K101:00,C12P7/10","(57)【要約】
【課題】蒸留残液からなり優れた土壌改良効果が得られ<BR>る土壌改良材の製造方法を提供する。
【解決手段】稲藁にアンモニア水を混合し、加熱するこ<BR>とにより稲藁に含まれるリグニンを解離する。アンモニ<BR>アを分離し、ｐＨを３～７に調整する。糖化酵素を添加<BR>して、糖化率が８０％以上となるように糖化処理する。<BR>中和した後、糖化残渣を分離して、糖化溶液を得る。ア<BR>ルコール発酵微生物を添加し、糖のアルコールへの変換<BR>率が９０％以上となるように発酵処理する。得られた発<BR>酵液を蒸留し、アルコールを分離し、アルコール含有量<BR>を０．５質量％以下とした蒸留残液を得る。
【選択図】  図１
",特開2012-017462,,,,,https://www.j-platpat.inpit.go.jp/c1800/PU/JP-2012-017462/DF45BF18D21DB0691C7E33087C4AB7AA98C51A2DB14AD1C41D45E8B1718C6DB5/11/ja
特実_国内文献_セルラーゼ　酵素混合物.csv,特開2013-188226,特願2013-117761,2013/6/4,2013/9/26,セルロース転換工程の改善方法,ダニスコ・ユーエス・インク、ジェネンコー・ディビジョン,C12P19/02,"(57)【要約】      （修正有）
【課題】セルロース系物質を可溶性糖類に酵素的転換に<BR>おいて、糖類の生産性を改善する方法を提供する。
【解決手段】セルロース系物質をグルコースに転換する<BR>方法であって、前記セルロース物質とセルラーゼを組合<BR>わせて、重量により、１％乃至３０％のセルラーゼを含<BR>むセルロース系物質とセルラーゼの組合せを提供する工<BR>程、前記セルロース系物質とセルラーゼとの組合せを、<BR>約３８℃乃至約１００℃、約ｐＨ４乃至９で、０．１乃<BR>至９６時間、インキュベートして、加水分解反応を生じ<BR>させ、少なくとも２０％のセルロース系物質を可溶性糖<BR>に転換する工程、を含み、前記可溶性糖がグルコース及<BR>びセロビオースを含み、グルコースの分画が前記可溶性<BR>糖に対して少なくとも０．７５であることを特徴とする<BR>、方法。
【選択図】図１
",特開2013-188226,,,拒絶2015-019131,,https://www.j-platpat.inpit.go.jp/c1800/PU/JP-2013-188226/A749121B790B6F4BF2DF6E08E848082C41E3973962525D0CA96E59557BD7445E/11/ja
特実_国内文献_セルラーゼ　酵素混合物.csv,特開2014-144009,特願2014-059685,2014/3/24,2014/8/14,バイオマス前処理,"ザ・ユニバーシティ・オブ・トレド,スガニット・システムズ・インコーポレーテッド","B09B3/00,304@Z,C12P19/00,C13K1/02,B09B3/45,B09B3/80,B09B101:85","(57)【要約】      （修正有）
【課題】セルロース及びヘミセルロース成分をそれらの<BR>構成糖への効率的な糖化を可能にするため、バイオマス<BR>の複雑な構造に対する適切な前処理方法を提供する。
【解決手段】セルロース又はヘミセルロースの水素結合<BR>構造を破壊できる、イミダゾリウム、ピロリジニウム、<BR>ピリジニウム、ホスホニウム、又はアンモニウムを含む<BR>カチオン構造を有するイオン性液体による前処理を行う<BR>ことにより、糖生成の収率及び速度の改良されたリグノ<BR>セルロースの糖への変換方法を見い出した。該方法は実<BR>質的にリグノセルロース系バイオマスの糖化の収率及び<BR>反応速度を改善した。セルロース及びヘミセルロースは<BR>、該方法により糖に加水分解されると、よく確立された<BR>発酵技術によってエタノール燃料に変換することができ<BR>る。これらの糖は、様々な化成品及びポリマーの製造原<BR>料にもなる。
【選択図】図１
",特開2014-144009,,特許5987015,,,https://www.j-platpat.inpit.go.jp/c1800/PU/JP-2014-144009/4DDD2E1F6436D1D7AE91FB97E41FE49FB5ED0F0AA384DAF7012529155766DACC/11/ja
特実_国内文献_セルラーゼ　酵素混合物.csv,特開2014-209913,特願2014-122083,2014/6/13,2014/11/13,トランスフェラーゼおよびオキシドレダクターゼ、それらをコードする核酸並びにそれらを製造および使用する方法,ビーエーエスエフ　エンザイムズ　リミテッド　ライアビリティ　カンパニー,"A23K1/16,303@F,A23L1/30,C12N1/15,C12N1/19,C12N1/21,C12N5/00,101,C12N7/00,C12N9/02,C12N9/10,C12N15/00@A,C12N5/10,C12N7/01,A23K20/147,A23L33/10,A23K10/10,A23K10/30,A23K20/153,A23K20/189,C12Q1/6876@C,C12N15/86@P,C12N15/63@P,C12N15/113,130@P,C12Q1/6876@Z,C12N15/113,130@Z,C12N15/63@Z,C12N15/86@Z","(57)【要約】      （修正有）
【課題】トランスフェラーゼ活性、例えばトランスアミナーゼ活性、例えばd-アミノ酸ト<BR>ランスフェラーゼ活性、および／またはオキシドレダクターゼ活性、例えばデヒドロゲナ<BR>ーゼ活性、例えばd-アミノ酸デヒドロゲナーゼ活性を有する酵素およびそれをコードする<BR>核酸の提供。
【解決手段】特定の配列と少なくとも９０％以上の配列同一性を有する核酸またはポリペ<BR>プチド、及び該核酸を含む、発現カセット、ベクターまたはクローニングビヒクルであっ<BR>て、前記クローニングビヒクルが、ウイルスベクター、プラスミド、ファージ、ファージ<BR>ミド、コスミド、フォスミド、バクテリオファージまたは人工染色体を含む、前記発現カ<BR>セット、ベクターまたはクローニングビヒクル、前期ポリペプチドの製造方法及び食品組<BR>成物。
【選択図】なし
",特開2014-209913,,,,,https://www.j-platpat.inpit.go.jp/c1800/PU/JP-2014-209913/FC7DA876FF36F3108D0508F6172317F01C83EF1A5A603F83CDEC50C21A0F33B4/11/ja
特実_国内文献_セルラーゼ　酵素混合物.csv,特開2016-052312,特願2015-208695,2015/10/23,2016/4/14,セルロース転換工程の改善方法,ダニスコ・ユーエス・インク、ジェネンコー・ディビジョン,"C12P19/02,C12N15/00@A,C12N9/42,C12P19/14@A,C12P19/12,C12N15/56","(57)【要約】      （修正有）
【課題】セルロース系物質を可溶性糖類に転換する方法<BR>、セルロース系物質の酵素的糖化からのグルコース生産<BR>性、及び、セロビオースの生産性を高める方法の提供。
【解決手段】セルロース物質とセルラーゼを、重量によ<BR>り１～３０％のセルラーゼを含むセルロース系物質とセ<BR>ルラーゼの組合せを提供する工程、前記セルロース系物<BR>質とセルラーゼとの組合せを、約３８～約１００℃、約<BR>ｐＨ４～９で、０．１～９６時間、インキュベートして<BR>、加水分解反応を生じさせ、２０％以上のセルロース系<BR>物質を可溶性糖に転換する工程、を含み、前記可溶性糖<BR>がグルコース及びセロビオースを含み、グルコースの分<BR>画が前記可溶性糖に対して０．７５以上である、セルロ<BR>ース系物質をグルコースに転換する方法。前記セルラー<BR>ゼが完全セルラーゼを含み、前記完全セルラーゼがベー<BR>タグルコシダーゼである組換酵素を発現する方法。
【選択図】図１
",特開2016-052312,,,拒絶2017-019491,,https://www.j-platpat.inpit.go.jp/c1800/PU/JP-2016-052312/5EBC0676D627441C670757A209B52786C469D3A69FD0A1C423D44F7002879FAB/11/ja
特実_国内文献_セルラーゼ　酵素混合物.csv,特開2018-068319,特願2017-253172,2017/12/28,2018/5/10,セルロース転換工程の改善方法,ダニスコ・ユーエス・インク、ジェネンコー・ディビジョン,C12P19/14@A,"(57)【要約】      （修正有）
【課題】セルロース系物質を可溶性糖類に転換する方法<BR>の提供。
【解決手段】セルロース物質とセルラーゼを組合わせて<BR>、重量により、１～３０％のセルラーゼを含むセルロー<BR>ス系物質とセルラーゼの組合せを提供する工程、前記セ<BR>ルロース系物質とセルラーゼとの組合せを、セルラーゼ<BR>の変性温度又は変性温度付近で、すなわち、約３８～約<BR>１００℃、約ｐＨ４～９で、０．１～９６時間、インキ<BR>ュベートして、加水分解反応を生じさせ、少なくとも２<BR>０％のセルロース系物質を可溶性糖に転換する工程、を<BR>含み、前記可溶性糖がグルコース及びセロビオースを含<BR>み、グルコースの分画が前記可溶性糖に対して少なくと<BR>も０．７５である、方法。セルロース系物質は蒸気噴写<BR>、パルプ化粉砕、酸加水分解等の前処理を施してから、<BR>セルラーゼと組み合わせた方が好ましい、方法。
【選択図】図１
",特開2018-068319,,,,,https://www.j-platpat.inpit.go.jp/c1800/PU/JP-2018-068319/D8D021B6766A53280B78791B2605717D26804CD17C8136D4270800D0F88AFB9A/11/ja
特実_国内文献_セルラーゼ　酵素混合物.csv,特開2018-188657,特願2018-136402,2018/7/20,2018/11/29,バイオマス基剤の処理のための方法および装置,スガニット・システムズ・インコーポレーテッド,"C08B16/00,C12P19/14@A,C13K1/02,C07H1/08,C07H3/02,B09B3/00,303@Z,B09B5/00@Z,B09B3/00@A,B09B3/50,B09B3/60,B09B3/80,B09B101:70,B09B101:85","(57)【要約】      （修正有）
【課題】バイオマスを処理する方法およびシステムの提<BR>供。
【解決手段】バイオマスをイオン液体（ＩＬ）と混合し<BR>てバイオマスを膨潤させることと、前記バイオマスを電<BR>磁（ＥＭ）加熱する、好ましくは高周波（ＲＦ）加熱ま<BR>たは赤外線（ＩＲ）加熱することとを含むシステムおよ<BR>び方法。さらに、バイオマスの酸分解の方法であって、<BR>バイオマスをイオン液体（ＩＬ）中で混合してバイオマ<BR>スを膨潤させることと、酸を添加して、バイオマスのｐ<BR>ＨをｐＨ７未満に下げることと、バイオマスに高周波（<BR>ＲＦ）加熱または赤外線（ＩＲ）加熱を適用して、標的<BR>温度範囲に加熱することと、バイオマスに、超音波加熱<BR>、電磁（ＥＭ）加熱、対流加熱、伝導加熱、またはそれ<BR>らの組み合わせを適用して、バイオマスを標的温度範囲<BR>に維持することと、処理されたバイオマスを洗浄するこ<BR>とと、糖および放出リグニンを回収することとを含む方<BR>法。
【選択図】図１Ａ
",特開2018-188657,,,,,https://www.j-platpat.inpit.go.jp/c1800/PU/JP-2018-188657/9D0BF306B16078178F3DE1296B00AD5C87499816A62EB1E2711A7745F8D45072/11/ja
特実_国内文献_セルラーゼ　酵素混合物.csv,特開2020-099342,特願2020-032760,2020/2/28,2020/7/2,バイオマス基剤の処理のための方法および装置,スガニット・システムズ・インコーポレーテッド,"C12P19/14,C08B16/00,C07H1/08,C07H3/02,C13K1/02","(57)【要約】      （修正有）
【課題】バイオマスの処理のためのシステムおよび方法<BR>の提供。
【解決手段】バイオマスをイオン液体（ＩＬ）と混合し<BR>てバイオマスを膨潤させることと、前記バイオマスを電<BR>磁（ＥＭ）加熱する、好ましくは高周波（ＲＦ）加熱ま<BR>たは赤外線（ＩＲ）加熱することとを含むシステムおよ<BR>び方法。更に、バイオマスの酸分解の方法であって、バ<BR>イオマスをイオン液体中で混合してバイオマスを膨潤さ<BR>せることと、酸を添加して、バイオマスのｐＨをｐＨ７<BR>未満に下げることと、バイオマスに高周波加熱または赤<BR>外線加熱を適用して、標的温度範囲に加熱することと、<BR>バイオマスに、超音波加熱、電磁加熱、対流加熱、伝導<BR>加熱、またはそれらの組み合わせを適用して、バイオマ<BR>スを標的温度範囲に維持することと、処理されたバイオ<BR>マスを洗浄することと、糖および放出リグニンを回収す<BR>ることとを含む方法。
【選択図】図１Ａ
",特開2020-099342,,,,,https://www.j-platpat.inpit.go.jp/c1800/PU/JP-2020-099342/A36419D2312AF2BF2B2034E59638AF772D810583EFABBB263EE0E90448780443/11/ja
特実_国内文献_セルラーゼ　酵素混合物.csv,特開2021-121433,特願2021-077552,2021/4/30,2021/8/26,酵素処理でスラッジの脱水性を高める方法,ノボザイムス　アクティーゼルスカブ,"C02F11/147,C12N9/42,C12N9/50,C12N15/57","(57)【要約】      （修正有）
【課題】慣例の廃水処理操作によって生成された残留物<BR>（すなわち、スラッジ）の脱水性を高める方法を提供す<BR>る。
【解決手段】スラッジの脱水性を高める方法であって、<BR>セルラーゼまたはセルラーゼ／ヘミセルラーゼ酵素混合<BR>物、およびプロテアーゼを、慣例の調整および脱水操作<BR>の前にスラッジに添加するステップを含む、方法が提供<BR>される。
【選択図】図１
",特開2021-121433,,,,,https://www.j-platpat.inpit.go.jp/c1800/PU/JP-2021-121433/E041302BE69BE463767C780D0B8E570EEE3A49B7C353FB7F88834919092BA8C9/11/ja
特実_国内文献_セルラーゼ　酵素混合物.csv,特開昭52-003819,特願昭51-067179,1976/6/10,1977/1/12,エンテリツクコ－トされた消化性酵素組成物及びその製法,ジヨンソン・アンド・ジヨンソン,"A61K37/54,A61P1/14,A61K38/46,A61K38/48,A61K38/47",,特開昭52-003819,,,拒絶平01-001069,,https://www.j-platpat.inpit.go.jp/c1800/PU/JP-S52-003819/780E16FE1C1755DF452517F158E9A3A79939CCE7138FA92771CBA2FBB446D9F0/11/ja
特実_国内文献_セルラーゼ　酵素混合物.csv,特開昭57-091194,特願昭56-160058,1981/10/6,1982/6/7,キサンタンガムの酵素による浄化法,アンステイテユ・フランセ・デユ・ペトロ－ル,"C08B37/00@B,C08B37/00@P,C12P19/06,E21B43/22@B",,特開昭57-091194,特公平03-041160,特許1677678,,,https://www.j-platpat.inpit.go.jp/c1800/PU/JP-S57-091194/B609581DC0677C0877A8F7D25EC921DF47163D02FDBB9CB8D3DCF3839E0A3A74/11/ja
特実_国内文献_セルラーゼ　酵素混合物.csv,特開昭57-181692,特願昭56-065449,1981/4/30,1982/11/9,クロレラの細胞壁の除去方法,三菱化成株式会社,"A23L1/48,C12N1/12@Z,C12N1/12,C12R1:89,A23L35/00",,特開昭57-181692,特公平01-021954,特許1542122,,,https://www.j-platpat.inpit.go.jp/c1800/PU/JP-S57-181692/189A6598B4953B6E153FAA3E4A5C2F84A461757EF2167829EBDC27EBDD7B5662/11/ja
特実_国内文献_セルラーゼ　酵素混合物.csv,特開昭62-126133,特願昭60-265911,1985/11/26,1987/6/8,薬用人参クリ－ムの製造方法,日東電工株式会社,"A23L1/19,A23L1/212@A,A23L1/39,A23L2/26,A61K35/78@C,A61K35/78,A61K36/258,A23L9/20,A23L19/00@A,A23L23/00,A23L2/52,101,A23L2/385,A23L2/60,A23L2/70,A23L2/80,A23L2/84",,特開昭62-126133,特公平06-083656,特許1949182,,,https://www.j-platpat.inpit.go.jp/c1800/PU/JP-S62-126133/853B6308DC86C2B4034F13F5FE3B326354E5EA93E20C6B57545ED3A9423DB7B4/11/ja
特実_国内文献_セルラーゼ　酵素混合物.csv,特開昭63-291543,特願昭63-037661,1988/2/22,1988/11/29,養鶏飼料、給飼方法および養鶏飼料の消化性を改善する方法,スオメン　ソケリ　オイ,"A23K1/00,102,A23K1/00,103,A23K1/165@C,A23K1/18@D,A23K20/189,A23K50/75,A23K10/30,A23K10/37,A23K20/111,A23K20/147,A23K20/163",,特開昭63-291543,,,,,https://www.j-platpat.inpit.go.jp/c1800/PU/JP-S63-291543/00755485A5C311174249E42131AA03E5386BDE50668368A2C9BD731FC5503DC7/11/ja
特実_国内文献_セルラーゼ　酵素混合物.csv,特開平03-065285,特願平02-058226,1990/3/12,1991/3/20,セルラーゼによる工業スライムの除去,ナルコ　ケミカル　カンパニー,C02F1/00@P,,特開平03-065285,,,,,https://www.j-platpat.inpit.go.jp/c1800/PU/JP-H03-065285/440F9ADCAC568D8576A56DC53ABB0F09B9573FCD895BF7F0A954A180C53D53C8/11/ja
特実_国内文献_セルラーゼ　酵素混合物.csv,特開平06-133762,特願平04-290422,1992/10/28,1994/5/17,チノリモの細胞壁多糖の除去方法,三井造船株式会社,"C12N1/06,C12N1/12@C,C12N1/12,C12R1:89","(57)【要約】
【目的】迅速で手軽にチノリモのプロトプラスト化を行<BR>うことができるチノリモの細胞壁多糖の除去方法を提供<BR>する。
【構成】チノリモのプロトラスト化またはスフェロプラ<BR>スト化に際し、ペクチナーゼとアミラーゼの酵素混合物<BR>またはペクチナーゼとセルラーゼの酵素混合物を用いる<BR>ことを特徴とするチノリモの細胞壁多糖の除去方法。
【効果】チノリモの細胞壁多糖を効率的かつ迅速に除去<BR>でき、容易にプロトプラストおよびスフェロプラストを<BR>得ることができる。従って、育種により得られた多糖類<BR>生産性の高い細胞を単離したり、この細胞をプロトプラ<BR>スト化し、得られた細胞を融合させてさらに多糖類生産<BR>性の高い新規の細胞を得ることができる。また育種によ<BR>り必須の遺伝子を供給することもできる。
",特開平06-133762,,,,,https://www.j-platpat.inpit.go.jp/c1800/PU/JP-H06-133762/69F18F2274C634D412AFEF66B4B8753B85A0DBD28D5374D7B7D2C3FF7D89CEAA/11/ja
特実_国内文献_セルラーゼ　酵素混合物.csv,特開平06-189645,特願平05-236020,1993/9/22,1994/7/12,シリブム属の遺伝的に同一の植物の製造方法およびシリブム・マリアヌムのプロトプラスト,マダウス・アクチエンゲゼルシヤフト,A01H4/00,"(57)【要約】
【目的】  シリブム属の遺伝的に同一の植物の製造方法<BR>を提供する。
【構成】  定義された遺伝的型のドナー植物からプロト<BR>プラストを製造する。引き続きこのプロトプラストから<BR>シリブム属の遺伝的に同一の植物を再生する。
",特開平06-189645,,,,,https://www.j-platpat.inpit.go.jp/c1800/PU/JP-H06-189645/BEEBDC97D791075C22FF10C98DF465F51E860DF411908517938A9607ED880F8D/11/ja
特実_国内文献_セルラーゼ　酵素混合物.csv,特開平07-000115,特願平02-418991,1990/12/29,1995/1/6,改良されたコ－ヒ－エキスの製造方法,ラルフ　エル　コルトン,A23F5/24,"(57)【要約】
【構成】  粉砕した焙煎コーヒーの水性混合物を、加圧<BR>下、高温で水蒸気と接触させ、次いで、速やかに大気レ<BR>ベルに減圧し、得られた混合物を加水分解酵素または加<BR>水分解酵素混合物で処理することを特徴とするコーヒー<BR>エキスの製造方法。
【効果】かくして得られた－エキスは、水を加えること<BR>によって飲料となり得るような濃縮物であり、また、そ<BR>れは、可溶性固体に乾燥し、水を加えて元にもどすこと<BR>のできるインスタントコーヒーを提供する。
",特開平07-000115,,特許3065670,,,https://www.j-platpat.inpit.go.jp/c1800/PU/JP-H07-000115/64D97465EDA3EE2A66100B5A699A28707A0C0BAE23F68A73D1DC99A0324D12DF/11/ja
特実_国内文献_セルラーゼ　酵素混合物.csv,特開平07-090300,特願平05-273262,1993/9/24,1995/4/4,洗濯すすぎ剤及び洗濯すすぎ方法,日本ケムシス株式会社,"C11D3/386,C11D17/00,D06F39/02@Z","(57)【要約】
【目的】衣類の洗濯すすぎ工程に使用し、洗剤による処<BR>理を補完し、仕上がりを良くする。
【構成】１）衣類の洗濯すすぎ剤として脂質分解酵素<BR>（リパーゼ）を使用する。
２）衣類の洗濯すすぎ剤としてセルロース分解酵素（セ<BR>ルラーゼ）を使用する。
３）衣類の洗濯すすぎ剤としてリパーゼ及びセルラーゼ<BR>の酵素混合物を使用する。
",特開平07-090300,,,,,https://www.j-platpat.inpit.go.jp/c1800/PU/JP-H07-090300/7B1BEBC0FA9E300B44F47A6827D76B97AC17C59470CB296B7CFC3F174A6169A6/11/ja
特実_国内文献_セルラーゼ　酵素混合物.csv,特開平10-120482,特願平08-294401,1996/10/15,1998/5/12,堆肥化促進方法及び堆肥化促進剤,豊栄物産株式会社,"C05F11/08,C05F17/00,C05F17/10,C05F17/20,C05F17/60","(57)【要約】
【課題】  リグニン等の分解速度の遅い物資を含む堆肥<BR>原料にキシラナーゼを添加し、通常より低温に保持する<BR>期間を設定することでその分解を促進し、リグニン含量<BR>も低下させることで団粒構造の細分化した良質の堆肥を<BR>製造する堆肥化促進方法及び堆肥化促進剤を提供する。
【解決手段】  堆肥原料にキシラナーゼを混合し、発酵<BR>条件も従来法とは変更することで、水分調整剤として利<BR>用されるリグニン含量の高いおが屑・木片の堆肥化を促<BR>進できる。更にそのキシラナーゼを耐熱性酵素にするこ<BR>とにより堆肥内の高温環境でもキシラナーゼ活性を保持<BR>し堆肥中のリグニン分解率を高め良質の堆肥を短期間に<BR>製造できる。
",特開平10-120482,,,,,https://www.j-platpat.inpit.go.jp/c1800/PU/JP-H10-120482/B72B987EF1F271AEAAA866E7BD22B801ABCBE3A5C24E035B3171AA173ACCDFFE/11/ja
特実_国内文献_セルラーゼ　酵素混合物.csv,特許3015913,特願平10-314119,1998/10/16,2000/3/6,生理活性米糠油の増収法,"工業技術院長,小杉　佳次","A23D9/00,C11B1/04,C11B1/10,A23D9/007","(57)【要約】
【課題】  米糠からの油脂の回収において米糠油の収率<BR>を高めると共に、生理活性のステロールとオリザノール<BR>の含有量を増大させること。
【解決手段】  米糠から油を抽出する際に米糠を予め酵<BR>素を用いて処理し、これにより油脂収率を米糠を基準と<BR>して２０重量％以上、且つステロール及びオリザノール<BR>含量を１．８重量％以上にすることを特徴とする、生理<BR>活性米糠油の増収法。酵素としてはアミラーゼ、セルラ<BR>ーゼ及びプロテアーゼを含む酵素混合物が望ましい。
",特開2000-119681,,特許3015913,,,https://www.j-platpat.inpit.go.jp/c1800/PU/JP-3015913/77D73CA3FFB897B0F491007CD7014747FD07455724780858F3E8D9E7B3703BB8/15/ja
特実_国内文献_セルラーゼ　酵素混合物.csv,特許6255119,特願2017-003345,2017/1/12,2017/12/27,リグノセルロース系バイオマスを糖化するための糖化酵素の製造方法及び製造装置、並びにそれらの使用,新日鉄住金エンジニアリング株式会社,"C12N9/42,C12M1/00@A,C12P19/14@A","(57)【要約】
【課題】安価にセロビオースが得られ、高効率な糖化酵素の製造方法及び装置を提供する<BR>。
【解決手段】本発明は、リグノセルロース系バイオマスを糖化するための糖化酵素の製造<BR>方法であって、低β－グルコシダーゼ（ＢＧＬ）糖化酵素を用いて、セルロースを含む原<BR>料を加水分解し、セロビオースを生産させるセロビオース生産工程と、前記セロビオース<BR>生産工程で得られた前記セロビオース及びグルコースの混合溶液と、微生物とを混合して<BR>培養し、前記微生物に糖化酵素を生産させる糖化酵素生産工程と、を備える。本発明は、<BR>リグノセルロース系バイオマスを糖化するための糖化酵素の製造装置であって、低ＢＧＬ<BR>糖化酵素と、セルロースを含む原料とを含むセロビオース生産槽と、前記セロビオース生<BR>産槽で得られたセロビオース及びグルコースの混合溶液と、微生物とを含む糖化酵素生産<BR>槽と、を備える。
【選択図】なし
",特開2018-110555,,特許6255119,拒絶2017-013802,,https://www.j-platpat.inpit.go.jp/c1800/PU/JP-6255119/647CF5FB1BD8C1ACAB69587DCA0396CFCDEBA3C4094BB17893E1DB3D8458C617/15/ja
特実_国内文献_セルラーゼ　酵素混合物.csv,特表2000-500983,特願平09-520879,1996/11/25,1997/6/12,酵素活性の選択的不活性化,ノボザイムス　アクティーゼルスカブ,C12N9/99,"(57)【要約】
ｐＨ、温度および維持時間を変えることにより得られる、所望の酵素を含有する酵素混合物中の少なくとも１つの望ましくない酵素を不活性化する方法。
",特表2000-500983,,,,,https://www.j-platpat.inpit.go.jp/c1800/PU/JP-2000-500983/57E07100559BF94427FA4630F17342963E88B72ECB19D00A491DB72A31493102/11/ja
特実_国内文献_セルラーゼ　酵素混合物.csv,特表2001-502014,特願平09-531905,1997/3/6,1997/9/12,布地の湿潤性と吸収性を高める酵素処理,"ザ　リージェンツ　オブ　ザ　ユニバーシティ　オブ　カリフォルニア,ジェネンコル　インターナショナル，インコーポレイテッド","C12S3/02,D06B21/00,D06M16/00@A","(57)【要約】
布地繊維を、界面活性剤なしで、その繊維の湿潤性と吸水性を増大する効果を有する酵素で処理する。それらの酵素は、ペクチナーゼ類、セルラーゼ類、プロテアーゼ．類、リパーゼ類またはこれらの混合物である。綿繊維の湿潤特性は、セルラーゼとペクチナーゼの混合物で処理することによって最も大幅に改善されることが見出された。いく種類かのポリエステル繊物の親水性の改善に対する５種類の加水分解酵素の効果を試験した。試験を行った５種類のリパーゼのうち４種が、レギュラーポリエステルの繊物の水湿潤性と吸水性を、最適条件（３ＮＮａＯＨ、５５℃、２時間）下でのアルカリ加水分解法以上に改善する。水性加水分解法に比べて、酵素反応は、周囲温度（２５℃）で、より短い反応時間（１０分間）で、比較的に低い濃度（０．０１ｇ／Ｌ）を含む一層穏やかな条件下で有効であることが分かった。アルカリ加水分解法による試験結果と対照的に、強度が完全に保持されたままで水湿潤性が改善される。また、リパーゼがスルホン化ポリエステルおよびマイクロデニールポリエステルの繊維の湿潤性と吸水性を改善するのに有効であることも分かった。
",特表2001-502014,,,拒絶2002-013206,,https://www.j-platpat.inpit.go.jp/c1800/PU/JP-2001-502014/34D6B9ECB87EB99EBF3546D7449AE59AB048BDBED30BFCDCB8C0A453A9B9162B/11/ja
特実_国内文献_セルラーゼ　酵素混合物.csv,特表2001-506858,特願平10-528428,1997/12/22,1998/7/2,タンパク質加水分解物の製造方法,デー　エス　エム　エヌ・　ヴェー．,"A23J3/34,A23L1/305,C12N9/48,A23L33/10,A23L33/18","(57)【要約】
本発明は、人間の消費物質に供する酵素で加水分解したタンパク質材料を製造する方法に関する。本方法は、本質的にただ一  つのエキソペプチダーゼを、一又は複数の適切なエンドペプチダーゼと組み合わせて使用して、微生物による汚染を最小化する条件下に、改良された風味特性及び経済的な方法を得る。
",特表2001-506858,,,,,https://www.j-platpat.inpit.go.jp/c1800/PU/JP-2001-506858/10EF0C0F82FFA57304424B651A370A6863C68AC8D601B821D240CF361766390F/11/ja
特実_国内文献_セルラーゼ　酵素混合物.csv,特表2001-508677,特願平10-527205,1997/12/16,1998/6/25,バイオフィルムの酵素的処理方法,ノボザイムス　アクティーゼルスカブ,"A01N63/00@D,A61L2/18,C11D3/386,C12N9/00,A61L101:54,A01N63/10,A01N63/50,100","(57)【要約】
少なくとも部分的にバイオフィルム層で覆われた表面を洗浄及び消毒する方法であって、その表面からバイオフィルム層を完全又は部分的に除去するか、又は遊離させる効果がある量の１つ以上のヒドロラーゼ、例えば、真菌アスペルギルス・アクレアツスの菌体によって生産される加水分解酵素、を含んでいる洗浄用組成物に、そのバイオフィルムを接触させる過程；並びに、そのバイオフィルムに存在する生きている細菌細胞を殺す効果がある量のオキシドレダクターゼ、例えば、オキシダーゼ、ペルオキシダーゼ又はラッカーゼ、を含んでいる殺菌性消毒用組成物に、そのバイオフィルムを接触させる過程を含んで成る方法。
",特表2001-508677,,特許4191253,,,https://www.j-platpat.inpit.go.jp/c1800/PU/JP-2001-508677/FCB6EF5AB99A38AB0DF61BD0B54BFF3FD80CCA8AABF8D9556E698299ECB5B4DE/11/ja
特実_国内文献_セルラーゼ　酵素混合物.csv,特表2002-502236,特願平09-540469,1997/5/6,1997/11/20,顆粒状の動物飼料用の酵素プレ顆粒,ヘキスト・アクチエンゲゼルシヤフト,"A23K1/165@C,C12N9/98,A23K20/189,A23K10/30,A23K40/25","(57)【要約】
本発明は、顆粒状の動物飼料粒子中に混合可能な安定な活性を有する酵素プレ顆粒に関する。本発明は、更にその製造方法により得られ、顆粒状の動物飼料に混合可能な安定な活性を有するプレ顆粒に関する。
",特表2002-502236,,特許3782828,,,https://www.j-platpat.inpit.go.jp/c1800/PU/JP-2002-502236/72C12F35B7ECEA92F8954DA849B523B854ACEDD05EE4DCEDEDE1018D30861FDB/11/ja
特実_国内文献_セルラーゼ　酵素混合物.csv,特表2002-513595,特願2000-547276,1999/5/6,1999/11/11,酵素混合物,アジツソ・フランス・エス・アー・エス,"A23K1/165@C,C12N1/14@A,C12N1/15,C12N1/19,C12N1/21,C12N5/00@A,C12N5/00,101,C12N9/16,C12N9/24,C12N9/42,C12N11/18,C12N15/00@A,C12N15/00@X,C12R1:80,C12N5/10,A23K20/189,A23K10/16,A23K10/30,A23K20/105,A23K20/158,A23K20/163,A23K20/22,A23K50/10,A23K50/30,A23K50/75,C12N15/01@Z,C12N9/16@Z","(57)【要約】
本発明は、新規の微生物であるペニシリウム・フニクロスム（Ｐｅｎｉｃｉｌｌｉｕｍ  ｆｕｎｉｃｕｌｏｓｕｍ）、それから得られる新規の酵素混合物、およびそれらに対する塩基配列に関する。
",特表2002-513595,,特許3907410,拒絶2006-023835,,https://www.j-platpat.inpit.go.jp/c1800/PU/JP-2002-513595/FE414FDDA0F53164E9BF2878F7D3B0F8548928A22C80D23806616751B4F29528/11/ja
特実_国内文献_セルラーゼ　酵素混合物.csv,特表2004-523227,特願2002-553912,2001/12/27,2002/7/11,栄養補給飼料補充物としての、酵素混合物によって活性化されたサッカロポリスポラ・エリトラエア発酵廃液の濃縮物,アボット・ラボラトリーズ,"A23K1/00,101,A23K1/16,304@C,A23K1/165@C,A23K1/18@B,A23K1/18@D,A23K1/18@Z,A23K1/18,102@A,A23K1/18,102@B,A23K20/189,A23K50/10,A23K50/30,A23K50/75,A23K50/80,A23K10/12,A23K10/14","(57)【要約】
酵素処理および濃縮されたサッカロポリスポラ・エリトラエア（Ｓａｃｃｈａｒｏｐｏｌ<BR>ｙｓｐｏｒａ  ｅｒｙｔｈｒａｅａ）発酵廃液を含有する飼料添加物組成物、酵素処理お<BR>よび濃縮されたサッカロポリスポラ・エリトラエア発酵廃液を含有する飼料添加物の製造<BR>方法、酵素処理によってサッカロポリスポラ・エリトラエア発酵廃液の栄養価を改善する<BR>ための方法、酵素処理および濃縮されたサッカロポリスポラ・エリトラエア発酵廃液の添<BR>加物を含有する飼料で家畜類を飼育するための方法、そして酵素処理および濃縮されたサ<BR>ッカロポリスポラ・エリトラエア発酵廃液の添加物を含有する飼料を与えることによって<BR>家禽の飼料転化および胸肉収量および腸強度を改善するための方法が開示される。好まし<BR>くは、サッカロポリスポラ・エリトラエア発酵廃液がセルラーゼおよび少なくとも１つの<BR>グリコシダーゼによって処理され、その後、濃縮される。
",特表2004-523227,,特許4015019,,,https://www.j-platpat.inpit.go.jp/c1800/PU/JP-2004-523227/C82997681B6B73316DB88A4C0B7772E6E87D3996772FD4E557C37A4F067C2FE7/11/ja
特実_国内文献_セルラーゼ　酵素混合物.csv,特表2004-524861,特願2002-589710,2002/5/14,2002/11/21,好熱性バクテリアからの熱安定性プロテイナーゼ,ザイジェム　コーポレーション　リミテッド,"C12N9/42,C12N9/54,C12N15/00@A,C12Q1/37","(57)【要約】
本発明は、好熱性バシラス種由来の熱安定性プロテイナーゼ及び核酸試料の調製における<BR>該プロテイナーゼの使用に関する。本発明の酵素は、６５～８０℃において安定且つ活性<BR>であるが、９０℃以上では即座に自己溶解又は変性する。
",特表2004-524861,,特許4079778,拒絶2007-016094,,https://www.j-platpat.inpit.go.jp/c1800/PU/JP-2004-524861/802834BFBCD7D7E0551979D4315F10C829C931D0AAE1ACA5E8F3B92C21695B4A/11/ja
特実_国内文献_セルラーゼ　酵素混合物.csv,特表2005-523720,特願2004-501556,2003/4/30,2003/11/13,リグノセルロースの酵素的加水分解法。,アセニクス　コーポレイション,C12P19/14@A,"(57)【要約】
バイオマス変換のための組成物および方法を提供する。この組成物は、リグノセルロース<BR>基質に対して直接使用可能な新規酵素混合物を含む。この方法は、リグノセルロースを分<BR>解する酵素によるリグノセルロースバイオマスから遊離糖および小さなオリゴ糖への変換<BR>を含む。植物バイオマスからの糖の相乗作用的な遊離を提供する新規の酵素の組み合わせ<BR>を提供する。リグノセルロース物質を分解し糖を生成する酵素、この酵素を生成する株、<BR>またはその酵素をコードする遺伝子もまた提供する。
",特表2005-523720,,,,,https://www.j-platpat.inpit.go.jp/c1800/PU/JP-2005-523720/65AF592B234013A983064BBA8D76CE27EAD5FEB230B511EED97CB8F5E592ADBB/11/ja
特実_国内文献_セルラーゼ　酵素混合物.csv,特表2005-538826,特願2004-535338,2003/9/12,2004/3/25,水精製におけるスラッジの消化方法,ケミラ、オイェ,"C02F11/00@Z,C02F11/04@A,C02F11/12@Z,C02F11/18,C02F11/121","(57)【要約】
本発明は、水精製におけるスラッジの消化方法であって<BR>、天然重合体状物質を消化し得る酵素混合物を用意する<BR>工程、該酵素混合物を水性スラッジ懸濁液に加える工程<BR>、およびその後、少なくとも一種の発酵細菌を該懸濁液<BR>に加え、それによって得られた懸濁液を発酵させる工程<BR>を含んでなる方法に関する。
",特表2005-538826,,,,,https://www.j-platpat.inpit.go.jp/c1800/PU/JP-2005-538826/5F484C04459568090C7C248FFF5FFD6196B916B697FA9D878234D02B24FD0285/11/ja
特実_国内文献_セルラーゼ　酵素混合物.csv,特表2009-525742,特願2008-553826,2007/2/8,2007/8/16,酵素混合物のモニタリング,アナリティカル・ナノ・テクノロジーズ・リミテッド,"C12M1/34@E,C12Q1/34","(57)【要約】
本発明は、サンプル中の少なくとも２つの酵素の存在ま<BR>たは非存在を同時に検出するための下記ステップ；
(i)第一酵素のための、第一フルオロフォアで標識され<BR>ている第一基質を提供すること、および
(ii)第二酵素のための、第二フルオロフォアで標識され<BR>ている第二基質を提供すること、
(iii)サンプル中に存在する第一および第二酵素を、各<BR>々第一および第二のフルオロフォア標識した基質と相互<BR>作用させて、各々第一および第二のフルオロフォア標識<BR>した基質断片を形成させるように、該サンプルに該標識<BR>された基質を暴露すること;そして、フルオロフォア標<BR>識した基質断片の存在を検出すること、
を含む方法を提供する。
",特表2009-525742,,,,,https://www.j-platpat.inpit.go.jp/c1800/PU/JP-2009-525742/D5CC52FF15E1541223178A8700EDAE7BAD0B702072C9E109B08C55BDBE303317/11/ja
特実_国内文献_セルラーゼ　酵素混合物.csv,特表2009-544803,特願2009-521778,2007/7/20,2008/1/31,酵素を利用したバイオフィルム形成の防止とその制御,ジェネンコー・インターナショナル・インク,"C02F1/00@P,C02F1/00@U,C11D3/386","(57)【要約】
本願は、表面からバイオフィルムを除去する組成物について述べる。この組成物は少なく<BR>とも３種の酵素を含み、少なくとも４０％のバイオフィルムを表面から除去する酵素混合<BR>物である。
",特表2009-544803,,特許5448162,,,https://www.j-platpat.inpit.go.jp/c1800/PU/JP-2009-544803/E41D5B5C1007AF5AB85469A7962A59B72D07519D8FE2AE55910255A55579E0BB/11/ja
特実_国内文献_セルラーゼ　酵素混合物.csv,特表2010-501190,特願2009-525877,2007/8/30,2008/3/6,前処理したリグノセルロース原料を酵素加水分解する方法,アイオジェン　エナジー　コーポレイション,"C07H3/02,C12N9/42,C12P19/14@A","(57)【要約】
  前処理したリグノセルロース原料を酵素加水分解して<BR>可溶性糖にする酵素混合物が提供される。また、前処理<BR>したリグノセルロース原料を酵素混合物で加水分解する<BR>方法が提供される。酵素加水分解は、セルラーゼ酵素混<BR>合物を前処理したリグノセルロース原料に添加すること<BR>を含む。セルラーゼ酵素混合物は、CBH1及びCBH2、並び<BR>にEG1及びEG2の主要セルラーゼ混合物を含む。CBH1及び<BR>CBH2は、主要セルラーゼ混合物の５５％以上かつ８５％<BR>未満である。さらに、CBH2は、CBH1及びCBH2に対する割<BR>合で存在し、EG2は、EG1及びEG2に対する割合で存在す<BR>る。
",特表2010-501190,,,,,https://www.j-platpat.inpit.go.jp/c1800/PU/JP-2010-501190/4ECE54C2802A80F825A4D6A29591E36387CD358B8F34C1573692092EA7C81AF3/11/ja
特実_国内文献_セルラーゼ　酵素混合物.csv,特表2010-508866,特願2009-537169,2007/11/13,2008/12/4,セルロース転換工程の改善方法,ダニスコ・ユーエス・インク、ジェネンコー・ディビジョン,C12P19/02,"(57)【要約】
  本発明はセルロース系物質を可溶性糖類に転換する方<BR>法を提供する。セルロース系物質の酵素的糖化からのグ<BR>ルコース生産性を高める方法も提供される。本発明は更<BR>に、セルロース系物質の酵素的糖化によりセロビオース<BR>の生産性を高めるための方法も提供する。
【選択図】
図１
",特表2010-508866,,,拒絶2014-012797,,https://www.j-platpat.inpit.go.jp/c1800/PU/JP-2010-508866/D4E31F317C18D4E22F9DD6AAF762E1D975445527B48D21D41FD835305A68C5F5/11/ja
特実_国内文献_セルラーゼ　酵素混合物.csv,特表2010-521155,特願2009-553631,2008/3/13,2008/9/18,バイオマス前処理,"ザ・ユニバーシティ・オブ・トレド,スガニット・システムズ・インコーポレーテッド","B09B3/00,304@Z,C08J11/18,C12P19/02,B09B3/45,B09B3/80,B09B101:85","(57)【要約】
イオン性液体前処理を使用することにより、糖生成の収率及び速度の改良されたリグノセ<BR>ルロースの糖への変換法が開発された。この新規な前処理戦略は、実質的にリグノセルロ<BR>ース系バイオマスの糖化の効率を改良する（収率及び反応速度に関して）。セルロース及<BR>びヘミセルロースは、それらの糖に加水分解されると、よく確立された発酵技術によって<BR>エタノール燃料に変換することができる。これらの糖は、様々な化成品及びポリマーの製<BR>造原料にもなる。バイオマスの複雑な構造は、セルロース及びヘミセルロース成分のそれ<BR>らの構成糖への効率的な糖化を可能にするために適切な前処理が必要となる。現行の前処<BR>理手法は、セルロース加水分解（酵素のセルラーゼを用いる）の反応速度の遅さ及び収率<BR>の低さに苦しんでいる。
【選択図】図１
",特表2010-521155,,特許5563313,,,https://www.j-platpat.inpit.go.jp/c1800/PU/JP-2010-521155/AA7AA1D8B26E51BCF248B920E8D1FA9232B6B6C50276B58B994D6D69DE36B479/11/ja
特実_国内文献_セルラーゼ　酵素混合物.csv,特表2010-534067,特願2010-517431,2008/6/20,2009/2/12,酵素混合物を含む、動物向けの耐熱性配合物,アディッソ・フランス・エス．エー．エス．,"A23K1/00,101,A23K1/16,305@Z,A23K1/165@C,C12N1/14@A,A23K20/189,A23K40/30@Z,A23K10/12,A23K10/14,A23K10/30,A23K10/37,A23K20/163,A23K40/10","(57)【要約】
本発明は、顆粒粉末状の動物向け耐熱性配合物に関する<BR>。ａ）少なくとも２種類の酵素を含む液体状混合液、ｂ<BR>）コムギ粉、デンプン、石こう、マルトデキストリン、<BR>コーンコブから選択される支持材、ｃ）セルロース及び<BR>その誘導体、キチン、カラギーナン、アルギン酸ナトリ<BR>ウム、植物性ゴム、発酵によって得られるゴム、デンプ<BR>ン及びその誘導体から選択されるコーティング剤を含む<BR>。
【選択図】図１
",特表2010-534067,,特許5520218,,,https://www.j-platpat.inpit.go.jp/c1800/PU/JP-2010-534067/817254D428EBA8D26124357C4CD48E8C4476A7841527E4375B1BF322583D2133/11/ja
特実_国内文献_セルラーゼ　酵素混合物.csv,特表2010-536389,特願2010-522147,2008/8/27,2009/3/5,前処理されたリグノセルロース原料から発酵産物を製造する方法,アイオジェン　エナジー　コーポレイション,"C12P7/06,C12P19/02","(57)【要約】
【課題】ヘミセルロースを含有する原料から得られる糖<BR>加水分解物から発酵産物を得るための方法を提供する。
【解決手段】該方法は、(ｉ)前記糖加水分解物から懸濁<BR>した繊維固形分を除去して、清澄化された糖溶液を得る<BR>工程; (ii)清澄化された糖溶液中のキシロースを酵母で<BR>の発酵反応において発酵させて、発酵産物を含む発酵ブ<BR>ロスを生成させる工程; (iii)酵母を発酵ブロスから分<BR>離して、酵母スラリーを生成させる工程; (vi)このよう<BR>に得られた酵母スラリーを酸化剤で処理して、微生物汚<BR>染物質を死滅させ、それによって、酸化剤処理酵母スラ<BR>リー生成させる工程; (v)酸化剤処理酵母の少なくとも<BR>一部を工程(ii)に再導入して、前記発酵反応における酵<BR>母濃度を増加させる工程; 及び(vi)発酵産物を回収する<BR>工程を含む。
【選択図】図１
",特表2010-536389,,,,,https://www.j-platpat.inpit.go.jp/c1800/PU/JP-2010-536389/EEE014A4C493E0DE779D8EE370F40D481F55CD3C7711AE2308BF4DBD18181491/11/ja
特実_国内文献_セルラーゼ　酵素混合物.csv,特表2010-536391,特願2010-522151,2008/8/29,2009/3/5,補助酵素を使用するリグノセルロース系原料の酵素的加水分解,アイオジェン　エナジー　コーポレイション,"C12N9/42,C12P7/06,C12P7/16,C12P7/56,C12P19/02,C12P21/02@C","(57)【要約】
  前処理したリグノセルロース系原料の可溶性糖質への<BR>加水分解のための酵素混合物が提供される。酵素混合物<BR>は、酵素混合物中に存在する補助酵素のすべてに対して<BR>測定して、約０．０９～約０．９１（ｗ／ｗ）の画分濃<BR>度（ｆＥＧ４）のＥＧ４、約０～約０．９１（ｗ／ｗ）<BR>の画分濃度（ｆＳｗｏ１）のスウォレニン、および０～<BR>約０．４２の画分濃度（ｆＣｉｐ１）のＣｉｐ１を含む<BR>。前処理したリグノセルロース系原料を、酵素混合物を<BR>使用して可溶性糖質に変換するプロセス、ならびにかか<BR>る酵素混合物の使用および生成の方法もまた提供される<BR>。
",特表2010-536391,,,,,https://www.j-platpat.inpit.go.jp/c1800/PU/JP-2010-536391/2183B50DAD8C7600A8B3706A925168D029EBC59015B32A1876A41510BC6CF9D8/11/ja
特実_国内文献_セルラーゼ　酵素混合物.csv,特表2011-528220,特願2010-539697,2008/12/16,2009/7/9,バイオフィルムの酵素的予防及び制御,ダニスコ・ユーエス・インク,"C11D7/42,C12N9/00,C12N9/14,C12N15/00@A,C12P1/00@A,C12N15/31,C12N15/55","(57)【要約】
本発明は、表面からバイオフィルムを除去するための方法、組成物、及びキットを提供す<BR>る。本明細書に記載の方法は、表面上のバイオフィルムにペルヒドロラーゼ酵素及び例え<BR>ば、プロテアーゼ、グルカナーゼ、エステラーゼ、マンナナーゼ、ホスホリパーゼ、セル<BR>ラーゼ、及び／又はアミラーゼのような他の酵素混合物の同時又は連続的な適用を含み、<BR>バイオフィルムの除去をもたらす。
【選択図】
選択図無
",特表2011-528220,,特許5427789,,,https://www.j-platpat.inpit.go.jp/c1800/PU/JP-2011-528220/E148A5FBB84F59A2D265C66E5211D22D2933A1DBC11DD1F9D7AFD4F248280EE5/11/ja
特実_国内文献_セルラーゼ　酵素混合物.csv,特表2012-510263,特願2011-537980,2009/11/26,2010/6/3,セルロース分解ポリペプチド、並びに微生物中での溶剤及び燃料の生産に対するその使用,"トータル　マーケティング　サービス,ル　サントル　ナシオナル　ドゥ　ルシェルシェ　シアンティフィク,ユニヴェルシテ　デ　エクス－マルセイユ,エル’アンスティテュ　ナシオナル　デ　シャンス　アプリケ（イーエヌエスアー）","C12N1/15,C12N1/19,C12N1/21,C12N5/00,101,C12N15/00@A,C12P7/06,C12P7/16,C12P7/28,C12N5/10,C12N15/56","(57)【要約】
  本発明は、工業的バイオプロセシング、より具体的には溶剤生産における、シュードモ<BR>ナス種ＮＤ１３７のセルラーゼ、その機能的断片及び／又は変異体及び改変形態の適用に<BR>関する。
【選択図】なし
",特表2012-510263,,,,,https://www.j-platpat.inpit.go.jp/c1800/PU/JP-2012-510263/DDF52922AC4A649581AAEF86F68755AF31A565FE6CEFFC742FAB68BEBEED8993/11/ja
特実_国内文献_セルラーゼ　酵素混合物.csv,特表2012-520077,特願2011-554140,2010/3/10,2010/9/16,ココア製品の製法,カーギル・インコーポレイテッド,"A21D13/00,A21D13/08,A23G1/00,A23L1/187,A23L9/10,A21D13/40,A21D13/80,A23G1/40,A23G1/42,A23G1/44","(57)【要約】
  色を改善するためにココア製品を酵素処理する方法が開示される。その開示の態様は、<BR>ココア製品のｐＨを変化させることがないかかる処理に特に指向される。
",特表2012-520077,,,,,https://www.j-platpat.inpit.go.jp/c1800/PU/JP-2012-520077/742529C94298F50AB08FE8CE389A12909A00107D8EEB8E6EA6758FD24D0ADE19/11/ja
特実_国内文献_セルラーゼ　酵素混合物.csv,特表2013-500019,特願2012-521881,2010/7/26,2011/1/27,糖輸送、混合糖の発酵および生物燃料の産生を促進させる方法ならびに組成物,"ザ　リージェンツ　オブ　ザ　ユニバーシティ　オブ　カリフォルニア,ザ・ボード・オブ・トラスティース・オブ・ザ・ユニバーシティ・オブ・イリノイ,ビーピー・コーポレーション・ノース・アメリカ・インコーポレーテッド","C07K14/705,C12N1/15,C12N1/19,C12N1/21,C12N5/00,101,C12N9/42,C12N9/90,C12N15/00@A,C12P5/00,C12P7/06,C12P7/16,C12P19/14@A,C12N5/10,C12N15/80@P,C12N15/81@P,C12N15/80@Z,C12N15/81@Z","(57)【要約】
  本開示は、ポリペプチドをコードしている組換えポリ<BR>ヌクレオチドを含んでいる宿主細胞に関し、ここで、当<BR>該ポリペプチドは当該細胞にセロデキストリンを輸送す<BR>る。本開示は、セロデキストリンを含んでいる培地にお<BR>ける細胞の成長を促進させる方法、セルロースから得ら<BR>れた糖およびヘミセルロースから得られた糖を共発酵さ<BR>せる方法、ならびにポリペプチドをコードしている組換<BR>えポリヌクレオチドを含んでいる宿主細胞を準備するこ<BR>とによって、炭化水素または炭化水素の誘導体を製造す<BR>る方法にさらに関し、ここで、当該ポリペプチドは当該<BR>細胞にセロデキストリンを輸送する。本開示は、ポリペ<BR>プチドをコードしている組換えポリヌクレオチドを含ん<BR>でいる宿主細胞、細胞へのペントースの輸送を促進させ<BR>る方法、ペントース糖を含んでいる培地における細胞の<BR>成長を向上させる方法、およびポリペプチドをコードし<BR>ている組換えポリヌクレオチドを含んでいる宿主細胞を<BR>準備することによって、炭化水素または炭化水素の誘導<BR>体を製造する方法に関し、ここで、当該ポリペプチドは<BR>当該細胞にペントースを輸送する。
",特表2013-500019,,,,,https://www.j-platpat.inpit.go.jp/c1800/PU/JP-2013-500019/6A268E48039D4F6EC4CDFA61D93498ED24A8A6D22FBCED6A51C2F910EC634742/11/ja
特実_国内文献_セルラーゼ　酵素混合物.csv,特表2013-500308,特願2012-522149,2010/7/27,2011/2/3,サネカズラ果実抽出物およびそれを含んでなる化粧用、皮膚科用および栄養補給用の組成物,ラボラトワール　エクスパンシアンス,"A23L1/30@B,A61K8/31,A61K8/60,A61K8/63,A61K8/64,A61K8/67,A61K8/97,A61K31/01,A61K31/355,A61K31/56,A61K31/7004,A61K35/78@C,A61K37/02,A61P17/00,A61P29/00,A61P37/08,A61Q19/00,A61K36/18,A61Q1/14,A61Q5/02,A61Q5/12,A61Q15/00,A61Q17/04,A61Q19/02,A61Q19/06,A61Q19/08,A61Q19/10,A23L33/105,A61K38/00,A61K8/9789","(57)【要約】
  本発明は、サネカズラ果実抽出物を含んでなる、化粧用、皮膚科用または栄養補給用の<BR>組成物に関する。該サネカズラ果実抽出物は、ペプチドおよび糖抽出物、粗製油、精製油<BR>、精製油濃縮物または該濃縮物の不鹸化物画分から選択される。本発明はまた、サネカズ<BR>ラ果実の、ペプチドおよび糖抽出物、精製油、ならびに油の濃縮物および不鹸化物画分を<BR>製造するための方法に関する。最後に、本発明は、該抽出物の皮膚科用途、化粧品用途お<BR>よび栄養補給用途に関する。
",特表2013-500308,,,,,https://www.j-platpat.inpit.go.jp/c1800/PU/JP-2013-500308/29B46B97A5F355BE9E2AD35E02CA42A747493CAB96D40A2F576C28695336A14C/11/ja
特実_国内文献_セルラーゼ　酵素混合物.csv,特表2013-525488,特願2013-509183,2011/5/3,2011/11/10,消化酵素混合物を含有するパンクレアチンを含むマイクロペレット組成物,アプタリス　ファーマ　リミテッド,"A61K9/20,A61K9/48,A61K37/54,A61K37/62,A61K47/02,A61K47/10,A61K47/12,A61K47/14,A61K47/30,A61K47/32,A61K47/34,A61K47/38,A61K47/44,A61P1/14,A61P3/10,A61K38/46,A61K38/54,A61K38/48,A61K38/47","(57)【要約】
  本発明は、小児患者、高齢患者および成人患者、特に<BR>、嚥下障害のある患者またはそのような組成物を使用す<BR>る経腸投与が適している患者を含めて、必要とする患者<BR>に使用するための消化酵素を含有するパンクレアチンを<BR>含む小粒径組成物に関する。加えて、本発明は、高い効<BR>力、高い有効収量を有し、少なくとも１０％～９０％が<BR>４００～８００μｍであるマイクロペレットまたはマイ<BR>クロ顆粒などの粒子としての組成物を対象とする。さら<BR>に、この組成物は、任意選択的に、従来の腸溶性コーテ<BR>ィングされた膵酵素粒子の調製物と比較して、改善され<BR>た腸溶性コーティングおよびそれに伴う改善された安定<BR>性および酵素活性を有する。
【選択図】図２Ｃ
",特表2013-525488,,,,,https://www.j-platpat.inpit.go.jp/c1800/PU/JP-2013-525488/2A69FF0031A8E291F0898C16B7AFC07D64FC0A7B2A06AF7D90882E26D66215DD/11/ja
特実_国内文献_セルラーゼ　酵素混合物.csv,特表2014-510087,特願2014-500218,2012/3/23,2012/9/27,植物由来タンパク質を回収する方法,メディカゴ　インコーポレイテッド,"C07K1/14,C07K1/16,C07K1/30,C07K1/34,C07K1/36,C07K14/11,C07K14/415,C07K16/00,C12N15/00@A,C12P21/02@C,C12N15/13,C12N15/44,C12N15/90@Z","(57)【要約】
  植物由来のタンパク質または超構造体タンパク質を回<BR>収する方法を提供する。本方法は、アポプラスト局在性<BR>のタンパク質または超構造体タンパク質を含む植物また<BR>は植物質を取得し、細胞壁を弛緩させて弛緩した細胞壁<BR>を有する植物または植物質を生産し、よって細胞壁を通<BR>したアポプラスト内容物の放出を可能にすることで、植<BR>物または植物質からアポプラスト内容物画分を生産し、<BR>アポプラスト内容物画分を回収することを含む。アポプ<BR>ラスト内容物画分は植物由来タンパク質または超構造体<BR>タンパク質を含む。
",特表2014-510087,,特許6092840,,,https://www.j-platpat.inpit.go.jp/c1800/PU/JP-2014-510087/8AD172F3F6761BD6854102F65767A880D208D3ADADCC54BEE6C1EC596BD89B30/11/ja
特実_国内文献_セルラーゼ　酵素混合物.csv,特表2015-524856,特願2015-518625,2013/6/21,2013/12/27,バイオマス基剤の処理のための方法および装置,スガニット・システムズ・インコーポレーテッド,"C08B16/00,C12P19/14@A,C07H1/08,C07H3/02","(57)【要約】
バイオマスの処理のためのシステムおよび方法であって<BR>、バイオマスをイオン液体（ＩＬ）と混合してバイオマ<BR>スを膨潤させることと、前記バイオマスを電磁（ＥＭ）<BR>加熱する、好ましくは高周波（ＲＦ）加熱または赤外線<BR>（ＩＲ）加熱することとを含むシステムおよび方法。さ<BR>らに、バイオマスの酸分解の方法であって、バイオマス<BR>をイオン液体（ＩＬ）中で混合してバイオマスを膨潤さ<BR>せることと、酸を添加して、バイオマスのｐＨをｐＨ７<BR>未満に下げることと、バイオマスに高周波（ＲＦ）加熱<BR>または赤外線（ＩＲ）加熱を適用して、標的温度範囲に<BR>加熱することと、バイオマスに、超音波加熱、電磁（Ｅ<BR>Ｍ）加熱、対流加熱、伝導加熱、またはそれらの組み合<BR>わせを適用して、バイオマスを標的温度範囲に維持する<BR>ことと、処理されたバイオマスを洗浄することと、糖お<BR>よび放出リグニンを回収することとを含む方法。
【選択図】図１Ａ
",特表2015-524856,,,拒絶2018-009933,,https://www.j-platpat.inpit.go.jp/c1800/PU/JP-2015-524856/B17B90FC845B76CDB43B4E23D2246991B58BAA9F67E0E31DCCFBE4970DC6C908/11/ja
特実_国内文献_セルラーゼ　酵素混合物.csv,特表2015-529456,特願2015-524644,2013/8/1,2014/2/6,１段階自己加水分解及びＣ５バイパスを用いた酵素加水分解及び後加水分解を利用してリグノセルロース系バイオマスを処理する方法,インビコン　エー／エス,"C12P19/02,C13K13/00,101,B09B3/00,304@Z,C12P7/06,C13K1/02,B09B3/45,B09B3/80,B09B101:85","(57)【要約】
  本発明は、概して、リグノセルロース系バイオマスを発酵性糖に処理する方法、及び熱<BR>水前処理に依存する方法に関する。1段階加圧熱水前処理において非常に低い過酷度まで<BR>前処理し、続いて酵素加水分解を行って固体状態で維持されるキシロースを放出すること<BR>により、2段階前処理を使用して達成されるキシロースモノマー収率と同等のキシロース<BR>モノマー収率が、ソフトリグノース系バイオマス原料から達成され得る。いくつかの実施<BR>形態において、前処理されたバイオマスは、固体画分及び液体画分に分離され、固体画分<BR>は酵素加水分解に供され、分離された液体画分は、その後、加水分解された固体画分と混<BR>合される。
【選択図】なし
",特表2015-529456,,,,,https://www.j-platpat.inpit.go.jp/c1800/PU/JP-2015-529456/8BDD927C0CE701EEA2753879957299D4B016407D895C9D7A26B8C95B070378D9/11/ja
特実_国内文献_セルラーゼ　酵素混合物.csv,特表2016-516840,特願2015-561580,2014/3/5,2014/9/12,バイオフィルムを除去するための方法及び酵素洗浄剤,ルーホフ　コーポレイション,"C11D3/386,B08B9/023,B08B3/04@Z,A61L2/18,A61B1/12,B08B9/032,321,B08B3/08@Z,C11D17/08,B08B9/032,326,A61B1/12,510,A61B1/12,540","(57)【要約】
バイオフィルムによって少なくとも部分的に覆われた表<BR>面を有する医療機器を洗浄するための組成物。組成物は<BR>、組成物の総重量の約１０％より少ない重量を有する第<BR>１の酵素、組成物の総重量の約１０％より少ない重量を<BR>有する第２の酵素及び組成物の総重量の約１０％より少<BR>ない重量を有する界面活性剤を含み得る。第２の酵素は<BR>、第１の酵素と異なってもよい。加えて、組成物は、約<BR>４～約１２の範囲のｐＨを有してもよく、及び組成物は<BR>、約１０分未満で前記医療機器から前記バイオフィルム<BR>の約９０％より多くを除去する、ように構成されてもよ<BR>い。
【選択図】図１
",特表2016-516840,,,,,https://www.j-platpat.inpit.go.jp/c1800/PU/JP-2016-516840/7DB8002778C043FAB1455048287163E22803D8FB33E26B35A889EBB8EBDDF48B/11/ja
特実_国内文献_セルラーゼ　酵素混合物.csv,特表2016-529890,特願2016-530352,2014/2/5,2015/2/5,１段階自己加水分解前処理及び酵素加水分解を利用してリグノセルロース系バイオマスを処理する方法,インビコン　エー／エス,"C12P7/10,C13K1/02,B09B3/00,304@Z,B09B3/45,B09B3/70,B09B101:85","(57)【要約】
  リグノセルロース系バイオマスを処理する方法であって、ソフトリグノセルロース系バ<BR>イオマス原料を準備するステップと、1段階加圧水熱前処理において、原料を、3.5～9.0<BR>の範囲内のpHで、log過酷度Roが3.75以下になるまで前処理して、非溶解固体が少なくと<BR>も5.0重量%のキシランを含む前処理されたバイオマススラリーを生成するステップと、前<BR>処理されたバイオマスを、エンドグルカナーゼ活性、エキソグルカナーゼ活性、β-グル<BR>コシダーゼ活性、エンドキシラナーゼ活性、及びβ-キシロシダーゼ活性を少なくとも110<BR>0（nkat/gグルカン）のエンドグルカナーゼ活性レベル、少なくとも280（nkat/gグルカン<BR>）のエキソグルカナーゼ活性レベル、少なくとも3000（nkat/gグルカン）のβ-グルコシ<BR>ダーゼ活性レベル、少なくとも1400（nkat/gグルカン）のエンドキシラナーゼ活性レベル<BR>、及び少なくとも75（nkat/gグルカン）のβ-キシロシダーゼ活性レベルで含む酵素混合<BR>物により触媒される少なくとも24時間の酵素加水分解を利用して、補助水分を添加して又<BR>は添加せずに加水分解して、C5モノマーの収率が前処理前の原料の元のキシロース及びア<BR>ラビノース含量の少なくとも55%である加水分解物を生成するステップと、を含む方法。
【選択図】なし
",特表2016-529890,,,,,https://www.j-platpat.inpit.go.jp/c1800/PU/JP-2016-529890/CCC6BB072981A14695797CF0F8D3D5DC6D5206ECBC554D8C63C7C51E42381D7A/11/ja
特実_国内文献_セルラーゼ　酵素混合物.csv,特表2017-503487,特願2016-541163,2014/12/18,2015/6/25,フィブリル化セルロース材料の製造方法,テクノロギアン　トゥトキムスケスクス　ヴェーテーテー　オイ,"C12P19/14@A,D21H11/18,D21H15/02,C12P19/04@Z","(57)【要約】
本発明はフィブリル化セルロース材料の製造方法に関する。本発明では、フィブリル化セ<BR>ルロースは、すきの刃ミキサなど低エネルギ要求の機械的混合機を用いてフィブリル化を<BR>促進することにより酵素的に製造される。酵素条件および作用条件は、セルロース分解を<BR>最小限に抑えつつ、ナノフィブリルが高収率で得られるように選択される。最終生成物に<BR>含まれて生成される糖類もさらに活用されうる。
【選択図】図４
",特表2017-503487,,特許6416911,,,https://www.j-platpat.inpit.go.jp/c1800/PU/JP-2017-503487/5B7203C9453BF142B933DEDA7A7E5BACFFA52AC668E32BD060A9FF78A4B4D624/11/ja
特実_国内文献_セルラーゼ　酵素混合物.csv,特表2017-535280,特願2017-538154,2015/9/21,2016/4/7,酵素複合体を用いた植物酵素分解物の製造方法,パク、ヒョンソク,"A23L19/00@A,A23L19/00@C,A23L5/00@J,C12P1/00@A","(57)【要約】
  本発明は、ポリガラクツロナーゼ、ペクチンリアーゼ<BR>及びセルラーゼからなる酵素複合体を用いて植物素材を<BR>加水分解して植物酵素分解物を製造する製造方法、及び<BR>前記方法により製造された植物酵素分解物に関するもの<BR>で、 所定量からなる酵素複合体を使用することにより<BR>、植物酵素分解物を高い収率で製造することができる。
【選択図】図２
",特表2017-535280,,特許6728192,,,https://www.j-platpat.inpit.go.jp/c1800/PU/JP-2017-535280/B1BB2E9DF2AFE18A0B319B321BA8A6D4C24CDB5DE0887AC48756A59ECCC44377/11/ja
特実_国内文献_セルラーゼ　酵素混合物.csv,特表2019-501018,特願2018-532581,2016/12/23,2017/6/29,酵素処理でスラッジの脱水性を高める方法,ノボザイムス　アクティーゼルスカブ,"C02F11/02,C02F11/12@Z,C12N15/57,C12N9/42,C12N9/52,C02F11/121","(57)【要約】
  スラッジの脱水性を高める方法であって、セルラーゼまたはセルラーゼ／ヘミセルラー<BR>ゼ酵素混合物、およびプロテアーゼを、慣例の調整および脱水操作の前にスラッジに添加<BR>するステップを含む、方法が提供される。
",特表2019-501018,,,拒絶2021-005632,,https://www.j-platpat.inpit.go.jp/c1800/PU/JP-2019-501018/8BAB2F8D9446D3B4596B318EFD940B29CCBDAB9EE394C724748688F053D34659/11/ja
特実_国内文献_セルラーゼ　酵素混合物.csv,特表2020-500172,特願2019-522829,2016/11/3,2018/5/11,筋肉痛の治療管理のための酵素組成物,サミ　ラブズ　リミテッド,"A61K38/48,C12N9/14,A61K38/47,A61K38/46,A61P21/00,A61P25/04,A61P29/00","(57)【要約】
  本発明は、遅発性筋肉痛（ＤＯＭＳ）の治療管理のための、消化酵素（プロテアーゼ、<BR>アミラーゼ、ラクターゼ、リパーゼ、セルラーゼ）の配合－ＤｉｇｅＺｙｍｅ（登録商標<BR>）を開示する。
",特表2020-500172,,特許6857240,,,https://www.j-platpat.inpit.go.jp/c1800/PU/JP-2020-500172/31CCC2BC18E66514D070B6E8AC9674C69A772112A53A1BE0288B2AC5C9954A08/11/ja
特実_国内文献_セルラーゼ　酵素混合物.csv,特表2020-514521,特願2019-559002,2018/1/16,2018/7/19,汚染された産業用機器を清浄化するための溶剤組成物およびプロセス,ユナイテッド　ラボラトリーズ　インターナショナル，　エルエルシー,"C11D1/75,C11D3/37,C11D3/386,B08B3/08@Z,C11D7/50","(57)【要約】
  所与の方法、システムおよび組成物により、容器が除染される。一実施形態において、<BR>除染のための溶剤組成物は、アミンオキシド、ポリジメチルシロキサンおよび水を含む。
",特表2020-514521,,特許7112428,,,https://www.j-platpat.inpit.go.jp/c1800/PU/JP-2020-514521/462AD737047ACCEF58EE07DFA3E5390E29D70938607F7998947F00CD4F139CEA/11/ja
特実_国内文献_セルラーゼ　酵素混合物.csv,特表2020-535820,特願2020-518451,2018/10/2,2019/4/11,微生物を含む製パン改良剤,ルサッフル・エ・コンパニー,"A21D2/26,A21D13/00","(57)【要約】
  本発明は、製パン改良剤として常法により使用される少なくとも１種の原材料と、１ｇ<BR>あたり少なくとも１０７ＣＦＵの微生物とを含み、３．５～５、好ましくは４～４．８の<BR>ｐＨを有する製パン改良剤に関する。本発明の改良剤は、上記原材料を少なくとも１０７<BR>ＣＦＵの微生物を含む相に分散することにより得ることができ、その相のｐＨは、緩衝効<BR>果を有する塩を添加することにより、所望の値に調整されている。上記相は、好ましくは<BR>、液状若しくはペーストの形態、又は粉々に崩れることができる塊状物の形態にあるパン<BR>種である。本発明の改良剤は、１０℃よりも低い温度、好ましくは６℃よりも低い温度で<BR>、その安定性を維持しつつ数日間保つことができる。
【選択図】なし
",特表2020-535820,,,,,https://www.j-platpat.inpit.go.jp/c1800/PU/JP-2020-535820/C4381AEA04735996F0D1EC2977AABE40284520862A815D918364DAC1335759B0/11/ja
特実_国内文献_セルラーゼ　酵素混合物.csv,特表2022-515409,特願2021-536221,2019/12/10,2020/6/25,ローズウッド抽出物,エル・ヴェ・エム・アッシュ　ルシェルシュ,"A61K8/9789,A61Q19/08,A61Q19/00","(57)【要約】
  本発明は、化粧品的に許容される極性溶媒を用いた酵素抽出によって得られるローズウ<BR>ッド、好ましくは夏バラからのローズウッドの水性抽出物、その製造方法、およびその用<BR>途、特に皮膚の老化の兆候を防止および/または軽減するための薬剤に関する。
",特表2022-515409,,,,,https://www.j-platpat.inpit.go.jp/c1800/PU/JP-2022-515409/A7DFE708EAA68EFC610CFDC07FAD823522E8D77D1481CEC73A851F98151A7BDC/11/ja
特実_国内文献_セルラーゼ　酵素混合物.csv,特表昭56-500597,特願昭55-501251,1980/6/3,1980/12/11,食用着色剤及びその製造方法,マウリ・ブラザ－ズ・アンド・トムソン　（オ－ストラリア）・ピ－テイ－ワイ・リミテツド,"A23L1/275,C12P1/00@A,C12P1/00,C12R1:00,A23L5/43",,特表昭56-500597,特公平01-007755,特許1521126,,,https://www.j-platpat.inpit.go.jp/c1800/PU/JP-S56-500597/4C6DA7715FC89E3B5EDDE172EB1C4A46BCAF09453FF676879AA4562D2BA1212D/11/ja
特実_国内文献_セルラーゼ　酵素混合物.csv,特表平08-500375,特願平06-505840,1993/8/5,1994/3/3,新規の酵素粒状物,ゾルファイ　エンツィーメス　ゲゼルシャフト　ミツト　ベシユレンクテル　ハフツング　ウント　コンパニー　コマンディートゲゼルシャフト,"C11D3/386,C12N9/02,C12N9/20,C12N9/26,C12N9/42,C12N9/50,C12N11/02","(57)【要約】
酵素粒状物の組成物中に酵素とともに、水溶性の充填剤および水不溶性の充填剤、結合剤および場合によっては他の造粒助剤を含有し、この場合、該酵素粒状物には、酵素安定化のためにアルカリ金属蟻酸塩またはアルカリ土類金属蟻酸塩並びに場合によっては還元糖が添加されている酵素粒状物が記載されている。この酵素粒状物中では、洗浄剤および清浄化の目的のための全ての常用の酵素、殊にアルカリ性プロテアーゼが加工されていてよい。更に、この酵素粒状物の製造法並びに粉末状の洗浄剤調製物中での該酵素粒状物の使用が記載されている。
",特表平08-500375,,,,,https://www.j-platpat.inpit.go.jp/c1800/PU/JP-H08-500375/57109C9CACFAA38F94699D65D472AAF655A71D5A42F13860EE6F8D04615F05CC/11/ja
特実_国内文献_セルロース　酵素混合物.csv,再表2013/103127,特願2013-552422,2012/12/27,2013/7/11,糖化酵素組成物及びそれを用いる糖化溶液の製造方法,本田技研工業株式会社,"C12N1/20@A,C12N9/42,C12P19/14@A,C13K1/02,C12N15/00@A,C12N1/14@A,C12N15/31,C12N15/56","(57)【要約】
  少ない使用量で、優れた糖化性能を得ることができる<BR>糖化酵素組成物及びそれを用いる糖化溶液の製造方法を<BR>提供する。
  糖化酵素組成物は、基質としてのリグノセルロース系<BR>バイオマスを糖化処理する。糖化酵素組成物は、セルロ<BR>ース結合ドメインを非含有のエンドグルカナーゼと、セ<BR>ルロース結合ドメインを含有するセロビオハイドラーゼ<BR>と、セルロース結合ドメインを含有するβ－グルコシダ<BR>ーゼとを含む。
",WO2013/103127,,特許5844823,,再表2013/103127,https://www.j-platpat.inpit.go.jp/c1800/PU/JP-2013-103127/788B71EEC270BA067815B3FF0C90E79F14FA816F920ADEE98ED552E594A95721/19/ja
特実_国内文献_セルロース　酵素混合物.csv,特開2006-300965,特願2006-203440,2006/7/26,2006/11/2,安定なアビジン組成物及びその使用方法,ブリストル－マイヤーズ　スクイブ　カンパニー,"G01N30/88@E,G01N30/88,101@N,G01N30/88,101@P,G01N33/53@U,G01N33/531@B,G01N33/543,501@J,G01N33/545@A,G01N33/548@A,B01J20/285,B01J20/285@N","(57)【要約】
【課題】不活性支持体材料、例えば、アガロース上に固定化されたアビジンのための組成<BR>物及び方法の提供。
【解決手段】本組成物は、高活性レベルのアビジンをもち、そしてさらに、バルキング剤<BR>、例えば、マルトース、及び凍結乾燥及び最終滅菌プロセスの間にアビジン・アガロース<BR>の安全性及び完全性を維持するための保護剤を含む。これらの組成物は、アビジン、アガ<BR>ロース及び／又はアビジン／ビオチン技術が有用であるいずれの場合においても利用可能<BR>性を有する。特に、本組成物は、フィブリン接着剤のために有用なフィブリン・モノマー<BR>を調製するための酵素捕獲系において有用である。
【選択図】なし
",特開2006-300965,,,,,https://www.j-platpat.inpit.go.jp/c1800/PU/JP-2006-300965/471B1C69FDDA8371F16AEF3EF6AB71302163F1CF459C937AB6D22BC626B58258/11/ja
特実_国内文献_セルロース　酵素混合物.csv,特開2012-010638,特願2010-149434,2010/6/30,2012/1/19,リグノセルロース系バイオマスの糖化溶液の製造方法,"本田技研工業株式会社,株式会社耐熱性酵素研究所",C12P19/02,"(57)【要約】
【課題】リグノセルロース系バイオマスを含む基質混合<BR>物から、高収率でキシロースを製造できる糖化溶液の製<BR>造方法を提供する。
【解決手段】リグノセルロース系バイオマスを基質とし<BR>て含む基質混合物を、微生物が産生した糖化酵素で処理<BR>することにより前記基質混合物から糖化溶液を得る。前<BR>記糖化酵素は、アクレモニウム属、トリコデルマ属、ペ<BR>ニシリウム属、アスペルギルス属、サーモアスカス属の<BR>菌類と、クロストリジウム属、バチルス属の真正細菌と<BR>からなる群から選ばれるいずれか１以上の微生物由来の<BR>第１の糖化酵素と、サーモトーガ・マリチマ由来の第２<BR>の糖化酵素との混合物である。
【選択図】  図４
",特開2012-010638,,,,,https://www.j-platpat.inpit.go.jp/c1800/PU/JP-2012-010638/DFC13DC8E75CAB183C44ACE3B7EF62E1B5C84B8D8892845073DA8255442B81E2/11/ja
特実_国内文献_セルロース　酵素混合物.csv,特開2014-155464,特願2013-028190,2013/2/15,2014/8/28,糖化溶液の製造方法,本田技研工業株式会社,"C12P19/14@A,C13K1/02,C13K13/00,101","(57)【要約】
【課題】リグノセルロース系バイオマスから、高収率で<BR>キシロースを得ることができる糖化溶液の製造方法を提<BR>供する。
【解決手段】アンモニア分離後、糖化前処理物の温度が<BR>耐熱性β－キシロシダーゼを添加することによる糖化阻<BR>害反応を無視できる温度に降下するまでの第１の温度範<BR>囲にある間に、糖化前処理物に耐熱性キシラナーゼを添<BR>加して第１の基質・糖化酵素混合物を得た後、基質の少<BR>なくとも一部を糖化処理してオリゴ糖を生成させる。第<BR>１の基質・糖化酵素混合物の温度が前記糖化阻害反応を<BR>無視できる温度から該耐熱性β－キシロシダーゼが機能<BR>不能となる温度に降下するまでの第２の温度範囲にある<BR>間に、第１の基質・糖化酵素混合物に耐熱性β－キシロ<BR>シダーゼを添加して第２の基質・糖化酵素混合物を得た<BR>後、基質及びオリゴ糖を糖化処理して単糖を生成させる<BR>。
【選択図】  図１
",特開2014-155464,,特許6153341,,,https://www.j-platpat.inpit.go.jp/c1800/PU/JP-2014-155464/8F1C5E379971B7FBEAB6CAE579EE4E84FFA1A545ABD01E53B504C47EC3B92D9B/11/ja
特実_国内文献_セルロース　酵素混合物.csv,特開2015-136324,特願2014-009754,2014/1/22,2015/7/30,糖化酵素組成物,本田技研工業株式会社,"C12N9/24,C12N15/00@A,C12P19/02,C12P19/12,C12P21/02@C,C13K1/02,C12N15/56","(57)【要約】
【課題】リグノセルロース系バイオマスに対する糖化効率の高い糖化酵素組成物、及び当<BR>該組成物を使用したリグノセルロース系バイオマスの糖化方法の提供。
【解決手段】  リグノセルロース系バイオマスを基質とし、β－グルコシダーゼと、セル<BR>ロース結合ドメインを含有するセロビオハイドラーゼと、キシナラーゼ又はキシロシダー<BR>ゼと、アラビノフラノシダーゼとを含有し、前記β－グルコシダーゼが、アクレモニウム<BR>・セルロリティカス由来の新規β－グルコシターゼ酵素４種のうちのいずれかであること<BR>を特徴とする、糖化酵素組成物；さらに、セルロース結合ドメインを非含有であるエンド<BR>グルカナーゼを含有する、前記記載の糖化酵素組成物；リグノセルロース系バイオマスを<BR>、前記記載の糖化酵素組成物を用いて糖化処理することを特徴とする、リグノセルロース<BR>系バイオマスの糖化方法。
【選択図】なし
",特開2015-136324,,,,,https://www.j-platpat.inpit.go.jp/c1800/PU/JP-2015-136324/B1DA8450162F08A3AB0DD1ED6F0CF83A336E1C896B59B74BAA96E468EDF91D33/11/ja
特実_国内文献_セルロース　酵素混合物.csv,特開2015-149957,特願2014-028112,2014/2/18,2015/8/24,リグノセルロース系バイオマスの糖化前処理方法,本田技研工業株式会社,"B09B3/00,304@Z,B09B3/00,C12P19/00,C13K1/02,B09B3/45,B09B3/70","(57)【要約】
【課題】反応容器内に冷却水を投入することなく、アン<BR>モニア分離糖化前処理物を容易に冷却することができる<BR>バイオマスの前処理方法を提供する。
【解決手段】バイオマスの前処理方法は、アンモニア分<BR>離糖化前処理物を得る工程において、反応容器２の内部<BR>圧力を、大気圧以下且つ糖化酵素の至適温度における水<BR>の飽和蒸気圧以上の圧力Ｐに減圧することにより、該ア<BR>ンモニア含有糖化前処理物からアンモニアを放散させる<BR>と共に該アンモニア分離糖化前処理物を該圧力Ｐに対応<BR>する温度Ｔに低下させる。
【選択図】  図１
",特開2015-149957,,,,,https://www.j-platpat.inpit.go.jp/c1800/PU/JP-2015-149957/530BEB7AE53496BE8AF352C2D288256387A46E8DC11647061AD0FBD780185832/11/ja
特実_国内文献_セルロース　酵素混合物.csv,特開2016-029908,特願2014-153337,2014/7/28,2016/3/7,ＧＨファミリー１０に属する耐熱性キシラナーゼ,本田技研工業株式会社,"C12N15/00@A,C12N9/42,C12P19/14@A,C12N1/15,C13K13/00,101,C12N1/19,C12N15/56,C12N15/63@Z","(57)【要約】      （修正有）
【課題】高固体負荷のリグノセルロースの酵素糖化は、バイオマス糖化液の粘性が高く、<BR>リグノセルロースの加水分解反応が進み難いので、耐熱性酵素を用いて、高温で酵素糖化<BR>処理を行い、加水分解反応速度の上昇、バイオマス糖化液の粘性の低下、糖化反応時間の<BR>短縮及び酵素量の削減が達成できる。したがって、より耐熱性に優れたグリコシド加水分<BR>解酵素耐熱性キシラナーゼを用いたリグノセルロース分解物の製造方法の提供。
【解決手段】少なくとも９０℃、ｐＨ６．０の条件下でキシラナーゼ活性を有し、特定の<BR>配列で表されるアミノ酸配列からなるポリペプチド、特定の配列で表されるアミノ酸配列<BR>のうちの１若しくは数個のアミノ酸が欠失、置換若しくは付加されたアミノ酸配列からな<BR>るポリペプチド、又は特定の配列で表されるアミノ酸配列と７５％以上の配列同一性を有<BR>するアミノ酸配列からなるポリペプチドである耐熱性キシラナーゼ。
【選択図】なし
",特開2016-029908,,,,,https://www.j-platpat.inpit.go.jp/c1800/PU/JP-2016-029908/CE0615FF18C99535C5700EEB742C1829D2E050B756B8E3BABFEF2E6B112FB18B/11/ja
特実_国内文献_セルロース　酵素混合物.csv,特開2016-034253,特願2014-158650,2014/8/4,2016/3/17,ＧＨファミリー３に属する耐熱性β―キシロシダーゼ,本田技研工業株式会社,"C12N9/42,C12N15/00@A,C12P19/14@A,C12N1/15,C12N1/19,C12N1/21,C12N5/00,101,C12N5/10,C12N15/56,C12N15/63@Z","(57)【要約】      （修正有）
【課題】セルロース含有バイオマスからのエネルギー産生の分野において高温条件下にお<BR>けるセルロースの糖化処理を可能とする。新規な耐熱性β－キシロシダーゼ、当該耐熱性<BR>β－キシロシダーゼをコードするポリヌクレオチド、当該耐熱性β－キシロシダーゼを発<BR>現するための発現ベクター、当該発現ベクターが組込まれた形質転換体及び当該耐熱性β<BR>－キシロシダーゼを用いたリグノセルロース分解物の製造方法の提供。
【解決手段】この耐熱性β－キシロシダーゼは、少なくとも８５℃、ｐＨ６．０の条件下<BR>でＰＮＰＸを基質とした加水分解活性を有し、特定の配列で表されるアミノ酸配列からな<BR>るポリペプチド、そのアミノ酸配列のうちの１若しくは数個のアミノ酸が欠失、置換若し<BR>くは付加されたアミノ酸配列からなるポリペプチド、又は特定の配列で表されるアミノ酸<BR>配列と８０％以上の配列同一性を有するアミノ酸配列からなるポリペプチドである。
【選択図】なし
",特開2016-034253,,特許6350987,,,https://www.j-platpat.inpit.go.jp/c1800/PU/JP-2016-034253/73241D8475A6E7108782CBD4200313674EB0F8AD8A4DF92147F5B4BEB71D41A9/11/ja
特実_国内文献_セルロース　酵素混合物.csv,特開2016-034254,特願2014-158651,2014/8/4,2016/3/17,ＧＨファミリー１２に属する超耐熱性エンドグルカナーゼ,本田技研工業株式会社,"C12N15/00@A,C12N9/42,C12P1/00@A,C12N1/15,C12N1/19,C12N1/21,C12N5/00,101,C12N5/10,C12P7/10,C12N15/56,C12N15/63@Z","(57)【要約】      （修正有）
【課題】リグノセルロースを資源とするバイオエタノール製造のため、各種グリコシド加<BR>水分解酵素について、より耐熱性に優れた酵素、及び酵素組成物の提供。
【解決手段】少なくとも１１０℃、ｐＨ４．０の条件下でＣＭＣを基質とした加水分解活<BR>性を有し、特定のアミノ酸配列からなるポリペプチド、特定のアミノ酸配列のうちの１若<BR>しくは数個のアミノ酸が欠失、置換若しくは付加されたアミノ酸配列からなるポリペプチ<BR>ド、又は特定のアミノ酸配列と７０％以上の配列同一性を有するアミノ酸配列からなる、<BR>超耐熱性エンドグルカナーゼ。前記超耐熱性エンドグルカナーゼを含むグリコシド加水分<BR>解酵素混合物。
【選択図】なし
",特開2016-034254,,特許6268486,,,https://www.j-platpat.inpit.go.jp/c1800/PU/JP-2016-034254/28163DE4F01A7B4E09E60D54164F69AF9FC47A1DE53B4BC0F50B08B0B82CDB7F/11/ja
特実_国内文献_セルロース　酵素混合物.csv,特開2016-034255,特願2014-158655,2014/8/4,2016/3/17,ＧＨファミリー１２に属する超耐熱性エンドグルカナーゼ,本田技研工業株式会社,"C12N15/00@A,C12N9/24,C12P21/02@Z,C12N1/15,C12P19/14@A,C12N1/19,C12N1/21,C12N5/10,C12N15/56,C12N15/63@Z","(57)【要約】      （修正有）
【課題】少なくとも１００℃、ｐＨ５．５の条件下でＰＮＰＣを基質とした加水分解活性<BR>を示す新規な超耐熱性エンドグルカナーゼ、当該超耐熱性エンドグルカナーゼをコードす<BR>るポリヌクレオチド、当該超耐熱性エンドグルカナーゼを発現するための発現ベクター、<BR>当該発現ベクターが組込まれた形質転換体及び当該超耐熱性エンドグルカナーゼを用いた<BR>リグノセルロース分解物の製造方法の提供。
【解決手段】温泉高温土壌から直接抽出したＤＮＡから得られた超耐熱性エンドグルカナ<BR>ーゼは、少なくとも１００℃、ｐＨ５．５の条件下でｐ－ニトロフェニルーβーＤ－セロ<BR>ビオシド（ＰＮＰＣ）を基質とした加水分解活性を有し、特定のアミノ酸配列からなるポ<BR>リペプチド、前記配列の内の１若しくは数個のアミノ酸が欠失、置換若しくは付加された<BR>アミノ酸配列からなるポリペプチド、又は前記配列と７０％以上の配列同一性を有するア<BR>ミノ酸配列からなるポリペプチド。
【選択図】なし
",特開2016-034255,,特許6315807,,,https://www.j-platpat.inpit.go.jp/c1800/PU/JP-2016-034255/01E0241822A804D4E1387B29D0AF585B0CD069083DD46C2626F21C2A7FF3145C/11/ja
特実_国内文献_セルロース　酵素混合物.csv,特開2016-049035,特願2014-175186,2014/8/29,2016/4/11,ＧＨファミリー１０に属する耐熱性キシラナーゼ,本田技研工業株式会社,"C12N9/26,C12N15/00@A,C12P19/14@A,C12N1/19,C12N1/21,C12N5/00,101,C12N1/15,C12N5/10,C12N15/63@P,C12N15/63@Z,C12N9/26@Z,C12N15/56","(57)【要約】      （修正有）
【課題】高温下でのキシラナーゼ活性を示す新規な耐熱性キシラナーゼ、当該耐熱性キシ<BR>ラナーゼをコードするポリヌクレオチド、当該耐熱性キシラナーゼを発現するための発現<BR>ベクター、当該発現ベクターが組込まれた形質転換体及び当該耐熱性キシラナーゼを用い<BR>たリグノセルロース分解物の製造方法の提供の提供。
【解決手段】この耐熱性キシラナーゼは、少なくとも８５℃、ｐＨ６．０の条件下でキシ<BR>ラナーゼ活性を有し、特定のアミノ酸配列からなるポリペプチド、特定のアミノ酸配列の<BR>うちの１若しくは数個のアミノ酸が欠失、置換若しくは付加されたアミノ酸配列からなる<BR>ポリペプチド、又は特定のアミノ酸配列と８０％以上の配列同一性を有するアミノ酸配列<BR>からなるポリペプチドであるキシラナーゼ触媒活性を有する耐熱性キシラナーゼ。
【選択図】なし
",特開2016-049035,,特許6354462,,,https://www.j-platpat.inpit.go.jp/c1800/PU/JP-2016-049035/35CF6C2775A23D2480121342C1CF08938AB2BE41607D0877412F304A3A1C5AB8/11/ja
特実_国内文献_セルロース　酵素混合物.csv,特開2016-054699,特願2014-184909,2014/9/11,2016/4/21,耐熱性β－グルコシダーゼ,本田技研工業株式会社,"C12N9/42,C12N15/00@A,C12P7/08,C12N1/15,C12N1/19,C12N1/21,C12N5/00,101,C12N5/10,C12P7/10,C12P19/02,C12P19/14@A,C12N15/56,C12N15/79@Z","(57)【要約】      （修正有）
【課題】リグノセルロースを有効利用するためのｐ－ニトロフェニル－β－グルコピラノ<BR>シド（ＰＮＰＧ）を基質としたβ－グルコシダーゼ活性を示す新規な耐熱性β－グルコシ<BR>ダーゼ、耐熱性β－グルコシダーゼをコードするポリヌクレオチド、耐熱性β－グルコシ<BR>ダーゼを発現するための発現ベクター、発現ベクターが組込まれた形質転換体及び耐熱性<BR>β－グルコシダーゼを用いたセルロース分解物の製造方法の提供。
【解決手段】この耐熱性β－グルコシダーゼは、少なくとも７５℃、ｐＨ７の条件下でＰ<BR>ＮＰＧを基質とした加水分解活性を有し、特定の配列で表されるアミノ酸配列からなるポ<BR>リペプチド、アミノ酸配列のうちの１若しくは数個のアミノ酸が欠失、置換若しくは付加<BR>されたアミノ酸配列からなるポリペプチド、又は特定のアミノ酸配列と９０％以上の配列<BR>同一性を有するアミノ酸配列からなるポリペプチドであって、β－グルコシダーゼ触媒領<BR>域を有するペプチド。
【選択図】なし
",特開2016-054699,,特許6319904,,,https://www.j-platpat.inpit.go.jp/c1800/PU/JP-2016-054699/374A45287A2973DD0B0573065968E16E24C5CF98B2332C6310EB0E05BF71E80E/11/ja
特実_国内文献_セルロース　酵素混合物.csv,特開2016-054700,特願2014-184910,2014/9/11,2016/4/21,耐熱性β－グルコシダーゼ,本田技研工業株式会社,"C12N9/42,C12N15/00@A,C12P7/08,C12N1/15,C12N1/19,C12N1/21,C12N5/00,101,C12N5/10,C12P7/10,C12N15/56,C12N15/79@Z","(57)【要約】      （修正有）
【課題】リグノセルロースを有効利用するためにｐ－ニトロフェニル－β－グルコピラノ<BR>シド（ＰＮＰＧ）を基質とした加水分解活性を示す新規な耐熱性β－グルコシダーゼ、当<BR>該耐熱性β－グルコシダーゼをコードするポリヌクレオチド、当該耐熱性β－グルコシダ<BR>ーゼを発現するための発現ベクター、当該発現ベクターが組込まれた形質転換体及び当該<BR>耐熱性β－グルコシダーゼを用いたセルロース分解物の製造方法の提供。
【解決手段】この耐熱性β－グルコシダーゼは、少なくとも８５℃、ｐＨ７．５の条件下<BR>でＰＮＰＧを基質とした加水分解活性を有し、特定のアミノ酸配列からなるポリペプチド<BR>、アミノ酸配列のうちの１若しくは数個のアミノ酸が欠失、置換若しくは付加されたアミ<BR>ノ酸配列からなるポリペプチド、又は特定のアミノ酸配列と６０％以上の配列同一性を有<BR>するアミノ酸配列からなるポリペプチドであって、β－グルコシダーゼ触媒領域を有する<BR>ポリペプチド。
【選択図】なし
",特開2016-054700,,特許6286745,,,https://www.j-platpat.inpit.go.jp/c1800/PU/JP-2016-054700/C9344BE934368DE68DE4FED5AE824A08950ED40087CDE48BBA9E256F4CC61249/11/ja
特実_国内文献_セルロース　酵素混合物.csv,特開2016-059308,特願2014-189007,2014/9/17,2016/4/25,ＧＨファミリー３に属する耐熱性β―キシロシダーゼ,本田技研工業株式会社,"C12N9/24,C12N15/00@A,C12P19/14@A,C12N1/15,C12N9/42,C12N1/19,C12N1/21,C12N5/00,101,C12N5/10,C12N15/56,C12N15/63@Z,C12N15/79@Z","(57)【要約】
【課題】本発明は、少なくとも８０℃、ｐＨ４．０の条件下でＰＮＰＸを基質とした加水<BR>分解活性を示す新規な耐熱性β－キシロシダーゼ、当該耐熱性β－キシロシダーゼをコー<BR>ドするポリヌクレオチド、当該耐熱性β－キシロシダーゼを発現するための発現ベクター<BR>、当該発現ベクターが組込まれた形質転換体の提供を提供する。
【解決手段】この耐熱性β－キシロシダーゼは、少なくとも少なくとも８０℃、ｐＨ４．<BR>０の条件下でＰＮＰＸを基質とした加水分解活性を有し、配列番号１、３、又は５で表さ<BR>れるアミノ酸配列からなるポリペプチド、配列番号１、３、又は５で表されるアミノ酸配<BR>列のうちの１若しくは数個のアミノ酸が欠失、置換若しくは付加されたアミノ酸配列から<BR>なるポリペプチド、又は配列番号１、３、又は５で表されるアミノ酸配列と８０％以上の<BR>配列同一性を有するアミノ酸配列からなるポリペプチドである。
【選択図】なし
",特開2016-059308,,特許6364662,,,https://www.j-platpat.inpit.go.jp/c1800/PU/JP-2016-059308/55D1F0FA2F9B09DDB157A856AD2B85081B4E05E251B6BD9C3F78B861E6B1FDFD/11/ja
特実_国内文献_セルロース　酵素混合物.csv,特開2016-059368,特願2014-192744,2014/9/22,2016/4/25,アルコールの製造方法,本田技研工業株式会社,C12P7/06,"(57)【要約】
【課題】増殖阻害物質を完全に除去しなくても、発酵の<BR>際に微生物の増殖阻害を回避して生成効率を向上するこ<BR>とができるアルコールの製造方法を提供する。
【解決手段】アルコールの製造方法は、リグノセルロー<BR>ス系バイオマスの前処理物を酵素糖化処理し、得られた<BR>増殖阻害物質を含む基質糖化酵素混合物又は糖化溶液に<BR>、微生物の増殖を促進させるペプチド又は第１のアミノ<BR>酸と、増殖阻害物質によって損傷した微生物を修復させ<BR>る第２のアミノ酸とを、３５：６５～４５：５５の範囲<BR>の質量比で、且つ、前記基質糖化酵素混合物又は前記糖<BR>化溶液に対する前記ペプチド又は第１のアミノ酸と第２<BR>のアミノ酸との合計量が０．０５～１．０ｗｔ／ｖｏｌ<BR>％の範囲で添加し、微生物によって発酵させてアルコー<BR>ルを生成させる。
【選択図】図１
",特開2016-059368,,,,,https://www.j-platpat.inpit.go.jp/c1800/PU/JP-2016-059368/1948C13FDAF0243D48ACFE9190EE25D254CDADFE5B4FEE1ECF99156585D70A4B/11/ja
特実_国内文献_セルロース　酵素混合物.csv,特開2016-111952,特願2014-252067,2014/12/12,2016/6/23,耐熱性β－グルコシダーゼ,本田技研工業株式会社,"C12N9/24,C12N15/00@A,C12P7/10,C12N1/11,C12N1/15,C12N1/19,C12N1/21,C12N5/00,101,C12N5/10,C12N9/42,C12N9/38,C12N15/55,C12N15/63@Z,C12Q1/6851@Z,C12Q1/686@Z,C12Q1/6876@Z","(57)【要約】      （修正有）
【課題】少なくとも１００℃、ｐＨ５．５の条件下で、さらには極めて高濃度のグルコー<BR>スが存在する条件下でも、ＰＮＰＧを基質とした加水分解活性を示す新規な耐熱性β－グ<BR>ルコシダーゼ、当該耐熱性β－グルコシダーゼをコードするポリヌクレオチド、及び当該<BR>耐熱性β－グルコシダーゼを用いたセルロース分解物の製造方法の提供。
【解決手段】温泉高温土壌から直接ＤＮＡを抽出し、難培養性微生物叢の大規模メタゲノ<BR>ムシーケンスを行うことにより、新規アミノ酸配列を持つ耐熱性β－グルコシダーゼを取<BR>得した。この酵素は、少なくとも１００℃、ｐＨ５．５の条件下でＰＮＰＧを基質とした<BR>加水分解活性を有し、特定のアミノ酸配列からなるポリペプチド、そのうちの１若しくは<BR>数個のアミノ酸が欠失、置換若しくは付加されたアミノ酸配列からなるポリペプチド、又<BR>は特定のアミノ酸配列と８０％以上の配列同一性を有するアミノ酸配列からなるポリペプ<BR>チドである。
【選択図】なし
",特開2016-111952,,特許6330240,,,https://www.j-platpat.inpit.go.jp/c1800/PU/JP-2016-111952/6E6F5AEB7816D6B015E1BD273C5C780435A3423CBF54478F817E3790322960DC/11/ja
特実_国内文献_セルロース　酵素混合物.csv,特開2016-111953,特願2014-252068,2014/12/12,2016/6/23,耐熱性セロビオハイドロラーゼ,本田技研工業株式会社,"C12N15/00@A,C12N9/42,C12P19/14@A,C12N1/15,C12N9/24,C12N1/19,C12N1/21,C12N5/00,101,C12N5/10,C12N15/56,C12N15/80@Z,C12N15/55,C12N15/63@Z,C12Q1/6851@Z,C12Q1/686@Z,C12Q1/6876@Z","(57)【要約】      （修正有）
【課題】少なくとも７５℃、ｐＨ５の条件下でセロビオハイドロラーゼ活性を示す新規な<BR>耐熱性セロビオハイドロラーゼ、当該耐熱性セロビオハイドロラーゼをコードするポリヌ<BR>クレオチド、当該耐熱性セロビオハイドロラーゼを発現するための発現ベクター、当該発<BR>現ベクターが組込まれた形質転換体及び当該耐熱性セロビオハイドロラーゼを用いたセル<BR>ロース分解物の製造方法の提供。
【解決手段】特定の配列又は他の特定の配列で表されるアミノ酸配列からなるポリペプチ<BR>ド、上記の特定又は他の特定の配列で表されるアミノ酸配列のうちの１若しくは数個のア<BR>ミノ酸が欠失、置換若しくは付加されたアミノ酸配列からなるポリペプチド、又は上記の<BR>特定又は他の特定の配列で表されるアミノ酸配列と６０％以上の配列同一性を有するアミ<BR>ノ酸配列からなるポリペプチドである耐熱性セロビオハイドロラーゼ。
【選択図】なし
",特開2016-111953,,特許6429377,,,https://www.j-platpat.inpit.go.jp/c1800/PU/JP-2016-111953/92EC440E73B266E067AAA78A1B63201989CFA5917A24FA7FE5F958434B4B5EC0/11/ja
特実_国内文献_セルロース　酵素混合物.csv,特開2016-111954,特願2014-252069,2014/12/12,2016/6/23,耐熱性β―キシロシダーゼ,本田技研工業株式会社,"C12N15/00@A,C12N9/42,C12P19/14@A,C12N1/15,C12N9/24,C12N1/19,C12N1/21,C12N5/00,101,C12N5/10,C12P19/02,C12P7/10,C12N15/55,C12N15/63@Z,C12Q1/6851@Z,C12Q1/686@Z,C12Q1/6876@Z","(57)【要約】      （修正有）
【課題】少なくとも１０５℃、ｐＨ５．０の条件下でＰＮＰＸを基質とした加水分解活性<BR>を示す新規な耐熱性β－キシロシダーゼ、該耐熱性β－キシロシダーゼをコードするポリ<BR>ヌクレオチド、該耐熱性β－キシロシダーゼを発現するための発現ベクター、該発現ベク<BR>ターが組込まれた形質転換体及び該耐熱性β－キシロシダーゼを用いたリグノセルロース<BR>分解物の製造方法の提供。
【解決手段】特定のアミノ酸配列又は他の特定のアミノ酸配列で表されるアミノ酸配列か<BR>らなるポリペプチド、上記の特定又は他の特定のアミノ酸配列のうちの１若しくは数個の<BR>アミノ酸が欠失、置換若しくは付加されたアミノ酸配列からなるポリペプチド、又は上記<BR>の特定又は他の特定のアミノ酸配列と７５％以上の配列同一性を有するアミノ酸配列から<BR>なるポリペプチドである耐熱性β－キシロシダーゼ。
【選択図】なし
",特開2016-111954,,特許6319907,,,https://www.j-platpat.inpit.go.jp/c1800/PU/JP-2016-111954/9FD5D331B584244E9383FC3DF4986ED6F85181A588BA547D7B4D9CD8F739E9E6/11/ja
特実_国内文献_セルロース　酵素混合物.csv,特開2016-167985,特願2015-048351,2015/3/11,2016/9/23,耐熱性セロビオハイドロラーゼ,本田技研工業株式会社,"C12N9/14,C12N15/00@A,C12N1/15,C13K1/02,C12N9/24,C12N1/19,C12N1/21,C12N5/00,101,C12N5/10,C12N15/56,C12N15/63@Z,C12P19/14@A","(57)【要約】      （修正有）
【課題】新規な耐熱性セロビオハイドロラーゼ、当該耐熱性セロビオハイドロラーゼをコ<BR>ードするポリヌクレオチド、当該耐熱性セロビオハイドロラーゼを発現するためのベクタ<BR>ー、当該ベクターが組込まれた形質転換体及び当該耐熱性セロビオハイドロラーゼを用い<BR>たセルロース分解物の製造方法の提供。
【解決手段】少なくとも７５℃、ｐＨ５．５の条件下でリン酸膨潤アビセル（ＰＳＡ）を<BR>基質とした加水分解活性を有し、セロビオハイドロラーゼ活性を示す、耐熱性セロビオハ<BR>イドロラーゼ。
【選択図】なし
",特開2016-167985,,特許6531974,,,https://www.j-platpat.inpit.go.jp/c1800/PU/JP-2016-167985/1A9E0FB9441BEE2AB0A47D3EF9123828318DA6AB76C57640F674D25E3FC58860/11/ja
特実_国内文献_セルロース　酵素混合物.csv,特開2016-214128,特願2015-101769,2015/5/19,2016/12/22,耐熱性グリコシド加水分解酵素,本田技研工業株式会社,"C12N9/42,C12N15/00@A,C12P19/14@A,C12N1/15,C12N1/19,C12N5/00,101,C12N5/10,C12N15/55,C12N15/63@Z,C12N15/31","(57)【要約】      （修正有）
【課題】少なくとも６５℃で、更にはＣａイオン存在下においては７０℃で、セロビオハ<BR>イドロラーゼ活性とエンドグルカナーゼ活性の両方を示す耐熱性グリコシド加水分解酵素<BR>、前記耐熱性グリコシド加水分解酵素をコードするポリヌクレオチド、前記酵素を発現す<BR>るためのベクター、前記ベクターを組込んだ形質転換体及び前記酵素を用いたセルロース<BR>分解物の製造方法の提供。
【解決手段】少なくとも６５℃、ｐＨ４．０の条件下で、燐酸膨潤アビセル（ＰＳＡ）を<BR>基質とした加水分解活性とカルボキシメチルセルロース（ＣＭＣ）を基質とした加水分解<BR>活性を有する耐熱性グリコシド加水分解酵素。特定のアミノ酸配列からなるポリペプチド<BR>又は前記アミノ酸配列の内の１以上の数個のアミノ酸が欠失、置換又は付加されたアミノ<BR>酸配列からなるポリペプチド等であり、２つのポリペプチドが直接又はリンカーを介して<BR>結合した耐熱性グリコシド加水分解酵素。
【選択図】なし
",特開2016-214128,,特許6586659,拒絶2019-008860,,https://www.j-platpat.inpit.go.jp/c1800/PU/JP-2016-214128/A09CE9348A22023EA8062A05ADAD63276BEB5B4D49103EFDA451B3CE7A6BDD27/11/ja
特実_国内文献_セルロース　酵素混合物.csv,特開2017-038560,特願2015-162962,2015/8/20,2017/2/23,超耐熱性エンドグルカナーゼ,"本田技研工業株式会社,公益財団法人かずさＤＮＡ研究所","C12N9/42,C12N15/00@A,C12N1/15,C12N1/19,C12N1/21,C12N5/00,101,C12N5/10,C12N15/56,C12N15/63@Z,C12P19/14@A","(57)【要約】      （修正有）
【課題】少なくとも１１０℃、ｐＨ５．５の条件下でＣＭＣ加水分解活性を示す超耐熱性<BR>エンドグルカナーゼ、当該超耐熱性エンドグルカナーゼをコードするポリヌクレオチド、<BR>当該超耐熱性エンドグルカナーゼを発現するための発現ベクター、当該発現ベクターが組<BR>込まれた形質転換体及び当該超耐熱性エンドグルカナーゼを用いたリグノセルロース分解<BR>物の製造方法の提供。
【解決手段】少なくとも１１０℃、ｐＨ５．５の条件下でＣＭＣを基質とした加水分解活<BR>性を有する、特定のアミノ酸配列からなるポリペプチドである超耐熱性エンドグルカナー<BR>ゼ。前記グリコシド加水分解酵素混合物を植物バイオマスに接触させ、リグノセルロース<BR>分解物を生産する、リグノセルロース分解物の製造方法。
【選択図】なし
",特開2017-038560,,特許6552098,,,https://www.j-platpat.inpit.go.jp/c1800/PU/JP-2017-038560/5488DE345C1FFED1F51CD9975E8FA2ABD1526C26194CC44346B8F6301246BD45/11/ja
特実_国内文献_セルロース　酵素混合物.csv,特開2017-038573,特願2015-163721,2015/8/21,2017/2/23,超耐熱性エンドグルカナーゼ,本田技研工業株式会社,"C12N9/42,C12N15/00@A,C12P19/02,C12N1/15,C12N1/19,C12N5/10,C12N15/56,C12N15/63@Z","(57)【要約】      （修正有）
【課題】少なくとも９０℃、ｐＨ５．５の条件下でカルボキシメチルセルロース（ＣＭＣ<BR>）加水分解活性を示す超耐熱性エンドグルカナーゼ、当該超耐熱性エンドグルカナーゼを<BR>コードするポリヌクレオチド、当該超耐熱性エンドグルカナーゼを発現するための発現ベ<BR>クター、当該発現ベクターが組込まれた形質転換体及び当該超耐熱性エンドグルカナーゼ<BR>を用いたリグノセルロース分解物の製造方法を提供する。
【解決手段】前記機能を有する超耐熱性エンドグルカナーゼであって、特定のアミノ酸配<BR>列からなるポリペプチド、特定のアミノ酸配列のうちの１若しくは数個のアミノ酸が欠失<BR>、置換若しくは付加されたアミノ酸配列からなるポリペプチド、又は特定のアミノ酸配列<BR>と８０％以上の配列同一性を有するアミノ酸配列からなるポリペプチドであり、エンドグ<BR>ルカナーゼ触媒領域を有する、超耐熱性エンドグルカナーゼ。
【選択図】なし
",特開2017-038573,,特許6244597,,,https://www.j-platpat.inpit.go.jp/c1800/PU/JP-2017-038573/1274DCABD138262EFACB35D47027986D317F141C6FE6F08F62FA2C3C5D999AAE/11/ja
特実_国内文献_セルロース　酵素混合物.csv,特開2017-175957,特願2016-064519,2016/3/28,2017/10/5,耐熱性セロビオハイドロラーゼ,"公益財団法人かずさＤＮＡ研究所,本田技研工業株式会社","C12N9/42,C12N15/00@A,C12P7/10,C12N1/15,C12N1/19,C12N1/21,C12N5/10,C12N15/31,C12N15/52@Z","(57)【要約】      （修正有）
【課題】少なくとも９５℃で、さらにはカルシウムイオン存在下においては１０５℃でセ<BR>ロビオハイドロラーゼ活性を示す、新規なＣＢＭを有する耐熱性セロビオハイドロラーゼ<BR>の提供。
【解決手段】この耐熱性セロビオハイドロラーゼは、セルロースへ結合する機能を有し、<BR>特定の配列で表されるアミノ酸配列からなるポリペプチド、特定の配列で表されるアミノ<BR>酸配列のうちの１若しくは数個のアミノ酸が欠失、置換若しくは付加されたアミノ酸配列<BR>からなるポリペプチド、又は特定の配列で表されるアミノ酸配列と７０％以上の配列同一<BR>性を有するアミノ酸配列からなるポリペプチドからなるセルロース結合モチーフ領域と、<BR>セロビオハイドロラーゼ触媒領域とを有し、かつ少なくとも９５℃、ｐＨ５．５の条件下<BR>でリン酸膨潤アビセルを基質とした加水分解活性を有することを特徴とする、耐熱性セロ<BR>ビオハイドロラーゼである。
【選択図】なし
",特開2017-175957,,特許6650315,,,https://www.j-platpat.inpit.go.jp/c1800/PU/JP-2017-175957/AAA4D7A71215D0ED811DBAFEC967F4A34B9B596B4BB53F67B109294105021DBD/11/ja
特実_国内文献_セルロース　酵素混合物.csv,特開2017-175958,特願2016-064525,2016/3/28,2017/10/5,耐熱性セロビオハイドロラーゼ,本田技研工業株式会社,"C12N15/00@A,C12N9/42,C12P21/02@C,C12N1/15,C12N1/19,C12N5/10,C12N15/56,C12N1/21,C13K1/02","(57)【要約】
【課題】本発明は、少なくとも６５℃、かつｐＨ６の条件下でセロビオハイドロラーゼ活<BR>性を示す新規な耐熱性セロビオハイドロラーゼ、当該耐熱性セロビオハイドロラーゼをコ<BR>ードするポリヌクレオチド、当該耐熱性セロビオハイドロラーゼを発現するためのベクタ<BR>ー、当該ベクターが組込まれた形質転換体及び当該耐熱性セロビオハイドロラーゼを用い<BR>たセルロース分解物の製造方法を提供する。
【解決手段】この耐熱性セロビオハイドロラーゼは、少なくとも６５℃、かつｐＨ６の条<BR>件下でＰＳＡを基質とした加水分解活性を有し、配列番号１で表されるアミノ酸配列から<BR>なるポリペプチド、配列番号１で表されるアミノ酸配列のうちの１若しくは数個のアミノ<BR>酸が欠失、置換若しくは付加ているアミノ酸配列からなるポリペプチド、又は配列番号１<BR>で表されるアミノ酸配列と８０％以上の配列同一性を有するアミノ酸配列からなるポリペ<BR>プチドである。
【選択図】なし
",特開2017-175958,,特許6677554,,,https://www.j-platpat.inpit.go.jp/c1800/PU/JP-2017-175958/00A560FD6BA75DC030A482BB84C2D4E50EBBA4475E2F1BD89FD74D2FECC4C26D/11/ja
特実_国内文献_セルロース　酵素混合物.csv,特開昭54-157893,特願昭54-024380,1979/3/2,1979/12/13,トリプシンおよびトリプシン様酵素の精製法,ゼロツクス　コ－ポレ－シヨン,"A61K37/547,B01J20/22@D,B01J20/26@H,C12N9/50,C12N9/76,C12N9/96,A61K38/48,100,A61K38/49,A61K38/48",,特開昭54-157893,特公昭57-059755,特許1171929,,,https://www.j-platpat.inpit.go.jp/c1800/PU/JP-S54-157893/DC64E7CD727B744037F86C3FF098982E2370E4D4FDF056256697E7A1E6F7FFDB/11/ja
特実_国内文献_セルロース　酵素混合物.csv,特開昭56-031440,特願昭54-107711,1979/8/24,1981/3/30,アフイニテイ－クロマトグラフイ－用親和性吸着体,三菱化成工業株式会社,"B01J20/22@D,B01J20/26@L,C12N9/00,101,C12N9/22,C12N11/02,G01N30/48@N,G01N30/48@R,G01N30/88@E,G01N30/88,101@N,G01N30/88,201@R,G01N30/88,201@X,B01J20/281@R,B01J20/281@X,B01J20/285@N,C12N9/00",,特開昭56-031440,特公昭62-013050,特許1406090,,,https://www.j-platpat.inpit.go.jp/c1800/PU/JP-S56-031440/6E0661102AF5BAC9A8AD0CE89AACB4A8D2149513777BC50C07B774E8527F3166/11/ja
特実_国内文献_セルロース　酵素混合物.csv,特開昭63-157938,特願昭62-208033,1987/8/21,1988/6/30,飼料用酵素プレミックスとその製造方法,"スオメン　ソケリ　オイ,フインフィーズ　インターナショナル　リミテッド","A23K1/165@C,A23K1/18@D,C12N9/96,A23K20/189,A23K50/75,A23K10/30,A23K20/147,A23K20/163,A23K40/10",,特開昭63-157938,,,拒絶平07-021190,,https://www.j-platpat.inpit.go.jp/c1800/PU/JP-S63-157938/2F3FA94879BB2CBA3F9AC66827E934BC6F1CAE0F27E5D79BA69FD2182AE93571/11/ja
特実_国内文献_セルロース　酵素混合物.csv,特開平06-277509,特願平06-015468,1994/2/9,1994/10/4,濾過助剤を精製するための方法および装置,フィルトロクス－ヴェルク・アクチェンゲゼルシャフト,"B01D37/02@E,B01D37/02@H,B01J19/10,B01J20/34@Z","(57)【要約】
【目的】  濾過助剤の再生または精製を利用者の場所<BR>で、経済的かつ生態学的に有利に実施する方法を提供す<BR>る。
【構成】  分離プロセス、特に濾過プロセスに際して少<BR>なくとも有機成分が富化された濾過助剤を精製するため<BR>の方法および装置において、反応槽（３）に酵素または<BR>酵素混合物を供給する。酵素処理後に廃水を排出し、精<BR>製された濾過助剤を回収する。さらに超音波装置（１<BR>３）内で精製処理を補助することができる。
",特開平06-277509,,,,,https://www.j-platpat.inpit.go.jp/c1800/PU/JP-H06-277509/5F748F60B61644D1F7EF9E0F3D03BA54DD8BD6BCB3DD372952412FDB171E398B/11/ja
特実_国内文献_セルロース　酵素混合物.csv,特開平07-090300,特願平05-273262,1993/9/24,1995/4/4,洗濯すすぎ剤及び洗濯すすぎ方法,日本ケムシス株式会社,"C11D3/386,C11D17/00,D06F39/02@Z","(57)【要約】
【目的】衣類の洗濯すすぎ工程に使用し、洗剤による処<BR>理を補完し、仕上がりを良くする。
【構成】１）衣類の洗濯すすぎ剤として脂質分解酵素<BR>（リパーゼ）を使用する。
２）衣類の洗濯すすぎ剤としてセルロース分解酵素（セ<BR>ルラーゼ）を使用する。
３）衣類の洗濯すすぎ剤としてリパーゼ及びセルラーゼ<BR>の酵素混合物を使用する。
",特開平07-090300,,,,,https://www.j-platpat.inpit.go.jp/c1800/PU/JP-H07-090300/7B1BEBC0FA9E300B44F47A6827D76B97AC17C59470CB296B7CFC3F174A6169A6/11/ja
特実_国内文献_セルロース　酵素混合物.csv,特開平10-120482,特願平08-294401,1996/10/15,1998/5/12,堆肥化促進方法及び堆肥化促進剤,豊栄物産株式会社,"C05F11/08,C05F17/00,C05F17/10,C05F17/20,C05F17/60","(57)【要約】
【課題】  リグニン等の分解速度の遅い物資を含む堆肥<BR>原料にキシラナーゼを添加し、通常より低温に保持する<BR>期間を設定することでその分解を促進し、リグニン含量<BR>も低下させることで団粒構造の細分化した良質の堆肥を<BR>製造する堆肥化促進方法及び堆肥化促進剤を提供する。
【解決手段】  堆肥原料にキシラナーゼを混合し、発酵<BR>条件も従来法とは変更することで、水分調整剤として利<BR>用されるリグニン含量の高いおが屑・木片の堆肥化を促<BR>進できる。更にそのキシラナーゼを耐熱性酵素にするこ<BR>とにより堆肥内の高温環境でもキシラナーゼ活性を保持<BR>し堆肥中のリグニン分解率を高め良質の堆肥を短期間に<BR>製造できる。
",特開平10-120482,,,,,https://www.j-platpat.inpit.go.jp/c1800/PU/JP-H10-120482/B72B987EF1F271AEAAA866E7BD22B801ABCBE3A5C24E035B3171AA173ACCDFFE/11/ja
特実_国内文献_セルロース　酵素混合物.csv,特表2000-502883,特願平09-518221,1996/10/28,1997/5/15,安定なアビジン組成物及びその使用方法,ブリストル－マイヤーズ　スクイブ　カンパニー,"C12N11/10,C12N11/16","(57)【要約】
不活性支持体材料、例えば、アガロース上に固定化されたアビジンのための組成物及び方法を開示する。本組成物は、高活性レベルのアビジンをもち、そしてさらに、バルキング剤、例えば、マルトース、及び凍結乾燥及び最終滅菌プロセスの間にアビジン・アガロースの安全性及び完全性を維持するための保護剤を含む。これらの組成物は、アビジン、アガロース及び／又はアビジン／ビオチン技術が有用であるいずれの場合においても利用可能性を有する。特に、本組成物は、フィブリン接着剤のために有用なフィブリン・モノマーを調製するための酵素捕獲系において有用である。
",特表2000-502883,,,拒絶2006-027917,,https://www.j-platpat.inpit.go.jp/c1800/PU/JP-2000-502883/A4C52409A2293911C7262963A8E06EC04949F7D0976C91384B7261A7A59FE32D/11/ja
特実_国内文献_セルロース　酵素混合物.csv,特表2001-505784,特願平10-529584,1997/12/10,1998/7/9,不透明なフルーツジュース及びその製造方法,ギスト　ブロカデス　ベスローテン　フェンノートシャップ,"C12N1/19,C12N9/42,C12N15/00@A","(57)【要約】
リンゴ材料を酵素混合物で処理する工程を含む方法を使用した場合に不透明なリンゴジュースが得られることが分かり、酵素混合物はホモガラクトウロナン解重合活性を有する酵素、例えばペクチンリアーゼ(EC4.2.2.10)、及びエンドグルカナーゼ活性（EC3.2.1.4）を有する酵素を含み、以下の工程を含む方法により測定した場合に不透明物の量を25％より多く減少させる酵素を含まない混合物である：(a)5ｍｇの不透明材料を、約0.01％の(w／v)NaN3を含む3mlの25mM NaOAc緩衝液(pH5)に懸濁させる工程であって、この不透明材料は、1ｇのMalus malusL．cv Jonagoldのリンゴ片の皮及び芯を除いた後、ブラウンキッチンマシーン（MX32、フランクフルト、ドイツ；5mmの刃）を用いて均一化し、0.01％の（w／v）NaN3、1％のアスコルビン酸、50ｍＵのペクチンリアーゼ及び25ｍＵのキシログルカナーゼ活性と等量のエンドグルカナーゼを含む、200mM NaOAc緩衝液（ｐＨ4）3ｍｌを用いて150ｒｐｍで連続的に十分に（head-over-tail）混合して40℃でインキュベートすることによって得られる材料である、(b)得られた不透明な懸濁液を、該酵素の存在下に、約40℃で16時間インキュベートし、この間、不透明な懸濁液を十分に（head-over-tail）混合する工程、(c)不透明物を約4℃で24時間放置する工程、及び(d)該酵素の不存在下に前記工程に従って得られた不透明な懸濁液の不透明物の量及び、該酵素の存在下に上記工程に従って得られた不透明な懸濁液の減少した不透明物の量との間の相違を計算して、不透明物の安定性に対する酵素の影響を決定する工程。
",特表2001-505784,,,,,https://www.j-platpat.inpit.go.jp/c1800/PU/JP-2001-505784/A45033041A1CEEB0DDE4690324F9D02575B3895FF7E32D2D9B8395215F85B6A5/11/ja
特実_国内文献_セルロース　酵素混合物.csv,特表2001-525169,特願2000-523328,1998/12/4,1999/6/10,多重消化によるクローニング方法、その実施のためのベクター及びその応用,バイオメソッズ（エス．エー．アール．エル．）,"C12N1/21,C12N9/22,C12N15/00@A,C12Q1/02,C12Q1/68@Z,C12N15/10@P,C12N15/10@Z","(57)【要約】
本発明は、相補的又はゲノミックＤＮＡバンクを構成するインサート上に存在する制限部位の系統的で組合せた形のかつ前処理としての利用に基づく新しいクローニング方法に関する。本発明は同様に、この方法の応用ならびにその使用向けのベクター及び得られたバンクにも関する。
",特表2001-525169,,,,,https://www.j-platpat.inpit.go.jp/c1800/PU/JP-2001-525169/702141A317758D5AD313A0F1D914061AD04ACEA44C784BCA4B033052B748BAA0/11/ja
特実_国内文献_セルロース　酵素混合物.csv,特表2005-503914,特願2003-531837,2002/8/27,2003/4/10,易－流動性粒状体の形態の酸素吸収剤,ジュート－ヒェミー　アクチェンゲゼルシャフト,"A23L3/3436,B01J20/22@A,B65D81/26@S","(57)【要約】
本発明は酸素－吸収粒状体に関し、これは：
ａ）酸素－除去酵素用の基質及び状況に応じて少なくとも一つの結合剤を含むコア領域、
ｂ）少なくとも部分的にコア領域（ａ）を取り囲み、酸素－除去酵素又は酵素混合物を含<BR>むシェル、
ｃ）望ましくはシェル（ｂ）のコアの反対側を少なくとも部分的に取り囲む粉末状固体か<BR>らのパウダリングからなる易流動性酸素吸収粒状体を含む。
",特表2005-503914,,,,,https://www.j-platpat.inpit.go.jp/c1800/PU/JP-2005-503914/44D9006A7D423D10B45CFA96155313502DAC1532BE6D921C882A14077051C844/11/ja
特実_国内文献_セルロース　酵素混合物.csv,特表2009-517002,特願2008-535508,2006/4/6,2008/3/27,化学及び生物兵器の広域特異性除染のための酵素及び処方物,"ヴェレニウム　コーポレイション,アジェンテイズ　リミテッド　ライアビリティ　カンパニー,ライフ　サイエンス　リサーチ　イスラエル　リミテッド","A01H5/00@A,A01K67/027,A23L1/305,A61K9/02,A61K9/06,A61K9/08,A61K9/10,A61K9/12,A61K9/127,A61K9/14,A61K9/19,A61K9/20,A61K9/48,A61K33/20,A61K37/02,A61K37/48,A61K37/50,A61K48/00,A61P31/02,A61P39/02,C07K14/00,C07K16/00,C07K16/40,C07K17/00,C07K19/00,C12M1/00@A,C12M1/34@E,C12N1/15,C12N1/19,C12N1/21,C12N5/00@A,C12N5/00@B,C12N5/00,101,C12N5/00,102,C12N9/02,C12N9/14,C12N9/98,C12N15/00@F,C12N15/00@A,C12P21/02@C,C12Q1/02,C12Q1/26,C12Q1/34,C12Q1/68@A,C40B40/08,G01N33/53@D,C12N5/10,A23L33/10,A23L33/18,A61K38/00,A61K38/43,A61K38/44,A01H6/14,C12N15/09,200,A61K38/16","(57)【要約】
  本発明は、酵素による能動的な除染、例えば神経作用<BR>物質の解毒のための新規な酵素及び方法を提供する。あ<BR>る特徴では、本発明は、非ヘムクロロペルオキシダーゼ<BR>（nhCPO）活性を有する酵素、並びにリグニンの漂白及<BR>び分解のための方法を提供する。本発明は、ポリペプチ<BR>ド、核酸、感染性ビヒクル、形質導入若しくは感染細胞<BR>又は植物及び/又はトランスジェニック植物、及びそれ<BR>らを使用して、例えば自己防衛的農薬耐性及び/又は除<BR>草剤耐性細胞又は植物を提供する方法を提供し、ある特<BR>徴では、本発明のポリペプチドは、P-S又はP-F結合を加<BR>水分解するように作用し、アセチルコリンエステラーゼ<BR>又はブチリルコリンエステラーゼを解毒する。ある特徴<BR>では、本発明は、広域性、物質特異性酸化及び加水分解<BR>活性を提供し、同様にV剤、G剤及びH剤の酸化又は加水<BR>分解について次亜ハロゲン酸塩生成を提供し、さらに生<BR>物剤（炭疽芽胞を含む）の殺滅のための酸化物（例えば<BR>二酸化塩素）及び反応性ラジカルを生成する酵素混合物<BR>又は組成物を提供する。
",特表2009-517002,,,,,https://www.j-platpat.inpit.go.jp/c1800/PU/JP-2009-517002/A1286C4DA748EFC5109CDFBD4905BDB39FCA877084928AE9063EAED0D7613F7C/11/ja
特実_国内文献_セルロース　酵素混合物.csv,特表2010-525815,特願2010-506308,2008/4/30,2008/11/13,Ｓａｃｃｈａｒｏｐｈａｇｕｓｄｅｇｒａｄａｎｓによる全植物材料の分解の間におけるカルボヒドラーゼの発現,ユニバーシティー　オブ　メリーランド,"C12N9/42,C12P7/10,C12P19/14@A","(57)【要約】
本発明は、細胞壁分解系、特に、セルロース、ヘミセル<BR>ロースおよび他の炭水化物に結合する、および／または<BR>それらを解重合する酵素を含有する系に関する。こうし<BR>た系は多くの用途を有する。一実施形態では、本発明は<BR>、植物材料を分解する酵素混合物を作製する方法を提供<BR>する。好ましくは、この分解は植物材料の化学的前処理<BR>をせずに起こる。この方法は、所与の植物材料の存在下<BR>でＳａｃｃｈａｒｏｐｈａｇｕｓ  ｄｅｇｒａｄａｎｓ<BR>を増殖させ、次いでＳａｃｃｈａｒｏｐｈａｇｕｓ  ｄ<BR>ｅｇｒａｄａｎｓ中に発現する酵素の発現を測定するこ<BR>とを含む。所与の植物材料の存在下で増加した発現を受<BR>ける酵素は、組み合わせることにより、所与の植物材料<BR>を分解する酵素混合物を形成する。
",特表2010-525815,,,,,https://www.j-platpat.inpit.go.jp/c1800/PU/JP-2010-525815/D066A17690CF2BBBB27EAA23B055E6AC489B412E538DABA8EDFEEB82A4933D70/11/ja
特実_国内文献_セルロース　酵素混合物.csv,特表2013-530704,特願2013-515924,2011/6/24,2011/12/29,バイオリアクターからの酵素をリサイクルする方法,アップフロント・クロマトグラフィー・アー／エス,"B01D15/00@K,B01J20/28@Z,C12P7/64,C12P19/00,C12P21/00@A","(57)【要約】
  酵素プロセスを実施する方法であって、前記プロセス<BR>の少なくとも２回目で酵素を再生およびリユースし、前<BR>記プロセスの各回は以下の工程：
  （ａ）基質が可溶性、一部可溶性、又は不溶性の不均<BR>一基質溶液を用意する工程
  （ｂ）酵素又は酵素混合物を前記不均一基質溶液に加<BR>える工程、及び
  （ｃ）前記基質の酵素反応を進行させる工程
を含み、各回の工程（ｃ）が完了した後、以下の工程：
  （ｄ）前記工程（ｃ）で得られた反応混合物から酵素<BR>を分離するために、酵素を吸着する吸着剤と反応混合物<BR>とを接触させる工程を含む非充填床吸着プロセスを実施<BR>する工程
  （ｅ）前記吸着剤に非結合の材料を任意で洗浄する工<BR>程、及び
  （ｆ）前記吸着剤から酵素を脱着する工程
に従って前記工程（ｃ）で得られた混合物から酵素を再<BR>生することを特徴とする、酵素プロセスを実施する方法<BR>。
",特表2013-530704,,,,,https://www.j-platpat.inpit.go.jp/c1800/PU/JP-2013-530704/1997D4A6547F6B10D1F34810D8297D1D493F1E432298A07088DDF6FA3C41AA3F/11/ja
特実_国内文献_セルロース　酵素混合物.csv,特表2014-528251,特願2014-535112,2012/10/12,2013/4/18,単糖飢餓（Ｓｉｍｐｌｅｓｕｇａｒｓｔａｒｖｅｄ）リグノセルロース系バイオマス酵素生産,チ５－６・イタリー・ソチエタ・ア・レスポンサビリタ・リミタータ,"C12N9/42,C12P19/14@A","(57)【要約】
  本明細書は、単糖飢餓条件下で、第１の前処理リグノセルロース系バイオマスを加水分<BR>解するために、宿主細胞から少なくとも１つの酵素を生産する方法を開示し、培養環境は<BR>、宿主細胞に供給して増殖させるのに使用されるリグノセルロース系バイオマス内に存在<BR>するもの以外は、非常にわずかな、好ましくは皆無の添加された単糖類を有する。培養環<BR>境は、発酵刺激物質および酵素産生誘導物質を実質的に欠いている。好ましくは、培養環<BR>境は、前処理リグノセルロース系バイオマスの高い乾物含量を有する。
",特表2014-528251,,,,,https://www.j-platpat.inpit.go.jp/c1800/PU/JP-2014-528251/A37C7206A0875E448869C36668916CD5760E57754AE88DAE9F7EED516389F7CC/11/ja
特実_国内文献_セルロース　酵素混合物.csv,特表2015-519916,特願2015-517773,2013/6/20,2013/12/27,リグノセルロース系バイオマスのための酵素の産生,バイオケムテック・ソチエタ・ペル・アチオニ,"C12N9/42,C12P19/14@A,C13K1/02","(57)【要約】
  方法は、宿主細胞から少なくとも第１の酵素を産生し<BR>、第１の酵素は、第１の前処理リグノセルロース系バイ<BR>オマスを加水分解し得る。本方法は、宿主細胞を培養し<BR>て少なくとも第１の酵素を培養時間にわたり産生する工<BR>程を含み、宿主細胞の培養を、宿主細胞と、水と、固体<BR>組成物の複合糖および固体組成物のリグニンを含む固体<BR>組成物とを含む糖飢餓培養環境中で行う。このような方<BR>法において、固体組成物を、第２の前処理リグノセルロ<BR>ース系バイオマスの複合糖および第２の前処理リグノセ<BR>ルロース系バイオマスのリグニンを含む第２の前処理リ<BR>グノセルロース系バイオマスから得；固体組成物の複合<BR>糖の総量と、固体組成物のリグニンの総量との比は、０<BR>を超え、第２の前処理リグノセルロース系バイオマスの<BR>複合糖の総量と、第２の前処理リグノセルロース系バイ<BR>オマスのリグニンの総量との比未満である。
",特表2015-519916,,,,,https://www.j-platpat.inpit.go.jp/c1800/PU/JP-2015-519916/3CFFEE0557473C93A50907957E5FB3FFC276D75BA29C07021381FFA4DB7DABF9/11/ja
特実_国内文献_セルロース　酵素混合物.csv,特表2016-505060,特願2015-554141,2014/1/23,2014/7/31,コンドロイチン硫酸の生物学的利用能を向上させるための、コンドロイチン硫酸、タンパク分解酵素およびスルフヒドリル化合物を含む組成物,ニョシス　ソシエタ　ペル　アチオニ,"A61K31/737,A61K9/48,A61K37/547,A61P29/00,A61K9/20,A61K45/00,A61P19/02,A61K9/16,A61K9/08,A61K47/38,A61K47/12,A61K47/36,A61K47/32,A61K47/10,A61K47/04,A61K47/20,A61K38/48,100,A61K38/48,A61K47/42,A61K47/18","(57)【要約】
  コンドロイチン硫酸の生物学的利用能を向上させるための、コンドロイチン硫酸、タン<BR>パク分解酵素およびスルフヒドリル化合物を含む組成物。本発明は、変形性関節炎および<BR>関連する急性および慢性炎症過程の治療および予防のための、またはヒトおよび動物にお<BR>ける筋骨格の健康を維持するための栄養補助組成物としての、コンドロイチン硫酸（ＣＳ<BR>）、タンパク分解活性を有する一または二以上の酵素または酵素混合物およびスルフヒド<BR>リル化合物を含んでなる組み合わせを記載する。前記組み合わせの特徴は、経口投与され<BR>たときのＣＳの腸内吸収をそれらが増加させることである。前記組み合わせの効果は、よ<BR>り高い分子量のサンプルよりも既に大きな生物学的利用能を有する非常に低分子量のＣＳ<BR>サンプルを含む広範囲の分子量のＣＳに発揮される。この効果は、いかなる起源のＣＳサ<BR>ンプルにも発揮される。
",特表2016-505060,,特許6348123,,,https://www.j-platpat.inpit.go.jp/c1800/PU/JP-2016-505060/3820ADEA7812CE1B098D8C9D1E55AF2B07318F008C30C977CD4A259D6837EC26/11/ja
特実_国内文献_セルロース　酵素混合物.csv,特表2017-524363,特願2017-505517,2015/8/7,2016/2/11,アグリコシル化された酵素およびその使用,ザイレコ，インコーポレイテッド,"C12N15/00@A,C12N9/24,C12P19/02,C12N1/15,C12N1/19,C12N1/21,C12N5/10,B09B3/00@A,B09B3/00,302@Z,B09B3/00,303@Z,B09B3/00,304@Z,B09B5/00@Z,C02F3/34@Z,B09B3/45,B09B3/50,B09B3/60,B09B3/70,B09B101:70,B09B101:85","(57)【要約】
本発明は、セロビアーゼ活性を有するアグリコシル化されたポリペプチドを含む組成物、<BR>ならびにこれを生成および使用するための方法に関する。本発明は、少なくとも一部は、<BR>非真菌細胞株において発現され、酵素を著しくはグリコシル化しない宿主細胞から単離さ<BR>れた、トリコデルマ・リーセイ由来のセロビアーゼは、Ｔ．リーセイ由来の内在性セロビ<BR>アーゼ（グリコシル化され、分泌される）よりも、純粋基質に対し高い比活性を有したと<BR>いう驚くべき発見に基づく。
【選択図】なし
",特表2017-524363,,,,,https://www.j-platpat.inpit.go.jp/c1800/PU/JP-2017-524363/DFADDA055B0C86363BCF89CD4EB2CE644D77C61EFCDE8C070AEA6118676E3B5C/11/ja
特実_国内文献_セルロース　酵素混合物.csv,特表2017-528610,特願2017-504066,2015/7/15,2016/1/28,透明テキスタイルケア剤,"ビーエイエスエフ・ソシエタス・エウロパエア,ヘンケル・アクチェンゲゼルシャフト・ウント・コムパニー・コマンディットゲゼルシャフト・アウフ・アクチェン","D06M13/46,C11D1/46,C11D1/62,C11D3/386,C11D17/08,C08L1/00,C08L5/00,C08L33/26,C08K5/17,D06M15/03,D06M15/267,D06M15/285","(57)【要約】
  本発明は、特定のエステルクワットと非イオン性乳化剤およびカチオン性増粘剤との組<BR>み合わせを含む、粘性のコンシステンシーを有する、テキスタイルケア剤および光学的ク<BR>リアかつ透明のファブリック柔軟剤処方物に関し、前記テキスタイルケア剤およびファブ<BR>リック柔軟剤処方物の使用に関する。本発明はまた、前記テキスタイルケア剤およびファ<BR>ブリック柔軟剤処方物を用いてテキスタイルを洗浄する方法に関する。本発明は、特定の<BR>エステルクワットの製造方法、そうして製造されるエステルクワット、およびその使用に<BR>関する。
",特表2017-528610,,,,,https://www.j-platpat.inpit.go.jp/c1800/PU/JP-2017-528610/9C1695D2A9556E2DE9C603539F370C3153D7B6290201806CED137228E10BC277/11/ja
特実_国内文献_セルロース　酵素混合物.csv,特表2021-524587,特願2020-571701,2019/6/3,2020/10/8,マルチ酵素バイオセンサ及び室温におけるマルチ酵素バイオセンサの安定化,インストゥルメンテーション　ラボラトリー　カンパニー,"G01N27/327,353@U,G01N27/327,353@A,G01N27/416,336@J,G01N27/327,353@B,G01N27/327,353@Z","(57)【要約】
  周囲温度で安定したマルチ酵素バイオセンサ、及びその製造方法が開示される。
",特表2021-524587,,特許7127159,,,https://www.j-platpat.inpit.go.jp/c1800/PU/JP-2021-524587/51566E34D4452558DA840C926478358B0379840E9F9426C825ED81EDE6F0417B/11/ja
特実_国内文献_セルロース　酵素混合物.csv,特表平07-508890,特願平06-524968,1994/5/10,1994/11/24,エンドグルカナーゼとセロビオヒドロラーゼの共同作用,ギスト　ブロカデス　ナムローゼ　フェンノートシャップ,"C12N9/24,C12N9/42,C12R1:66,C12R1:885",,特表平07-508890,,,,,https://www.j-platpat.inpit.go.jp/c1800/PU/JP-H07-508890/B0120FD48A87FCC06CB496A12201CC7D8183C8AFFF8C923F14E60E44138C2BFC/11/ja
特実_国内文献_バイオマス　酵素混合物.csv,特開2020-010713,特願2019-174003,2019/9/25,2020/1/23,脂質、糖、およびタンパク質回収のための微細藻類の酵素消化,ザ・ユニバーシティ・オブ・トレド,"C12P1/00@A,C12P7/64,C12P19/00,C12P19/02,C12P7/42,C12P21/06,C12P19/14@Z,C12P7/46,C12P21/00@Z,C12P1/00@Z,C07G99/00@C","(57)【要約】      （修正有）
【課題】酵素消化によって、微生物バイオマスから、脂<BR>質、糖、およびタンパク質を回収するためのコスト効率<BR>的なプロセスの提供。
【解決手段】酵素加水分解法であって：微細藻類を酵素<BR>で処理して、消化されたバイオマスを産生し、ここで酵<BR>素は少なくとも１つのプロテアーゼおよび少なくとも１<BR>つのアミラーゼの混合物を含み；そして消化されたバイ<BR>オマスを有機相および水相に分離する、ここで有機相は<BR>脂質を含有し、そして水相は固形物、炭水化物およびペ<BR>プチドを含有する工程を含む、前記方法。
【選択図】図１
",特開2020-010713,,特許6876765,,,https://www.j-platpat.inpit.go.jp/c1800/PU/JP-2020-010713/73DFD4491665BB89A38FB4027A70452221444F321BB7949EEE6911CBCEAEAF05/11/ja
特実_国内文献_バイオマス　酵素混合物.csv,特開平01-247086,特願平01-039165,1989/2/17,1989/10/2,エンドチア・パラシチカからプロテアーゼの製法,サノフイ,"C12N9/58,C12R1:645",,特開平01-247086,,特許2848620,,,https://www.j-platpat.inpit.go.jp/c1800/PU/JP-H01-247086/E9DD3954B16830218A414EF7D95D4B08BBDB79839362E954E610CF5C6CB6E2C5/11/ja
特実_国内文献_バイオマス　酵素混合物.csv,特開平02-191600,特願平01-234507,1989/9/8,1990/7/27,液状有機物質およびバイオマスの中温性または高温性好気性酸素処理法,フオルクスアイグナー　ベトリープ　プロジエクチルング　ヴアツサーヴイルトシヤフト,C02F11/02,,特開平02-191600,,,,,https://www.j-platpat.inpit.go.jp/c1800/PU/JP-H02-191600/560954DA9127AFF56832B4D1BC953F627CACD1E4E2D1302AFE6FAFE18D6A1B61/11/ja
特実_国内文献_バイオマス　酵素混合物.csv,特表2011-505801,特願2010-536546,2008/12/4,2009/6/11,ペニシリウム・フニクロサム酵素を使用したバイオ増熱剤の調製,アディッソ・フランス・エス．エー．エス．,"C12N9/42,C12P7/08,C12P19/14@A","(57)【要約】
本発明は、ブダペスト条約に基づき番号ＩＭＩ３７８５<BR>３６のもと国際菌学研究所に寄託されたペニシリウム・<BR>フニクロサムから得られた酵素混合物を提供すること、<BR>植物バイオマスを提供すること、その後、工程（ａ）の<BR>前記酵素混合物および工程（ｂ）の前記バイオマスを前<BR>記バイオマスの糖化が生じる条件下で接触させる工程を<BR>含む、バイオマスを処理する方法に関する。
【選択図】図２Ａ
",特表2011-505801,,特許5543359,,,https://www.j-platpat.inpit.go.jp/c1800/PU/JP-2011-505801/E61E466518F57194C1667CBD34621E5CE9F4BE52A645AF8D93A592FB699FBE28/11/ja
特実_国内文献_バイオマス　酵素混合物.csv,特表2016-531576,特願2016-537896,2014/8/29,2015/3/5,脂質、糖、およびタンパク質回収のための微細藻類の酵素消化,ザ・ユニバーシティ・オブ・トレド,"C12P1/00@A,C07G99/00@C,C12P7/64,C12P19/00,C12P19/14@Z,C12P21/06,C12P21/00@B,C12P7/46,C12P1/00@Z,C12P19/02","(57)【要約】
  酵素消化によって、微生物バイオマスから、脂質、糖<BR>、およびタンパク質を回収するための方法を開示する。<BR>該方法は、微細藻類を真菌酸性プロテアーゼ、または少<BR>なくとも１つのプロテアーゼおよび少なくとも１つのア<BR>ミラーゼの混合物で処理する工程を含む。
【選択図】図１
",特表2016-531576,,特許6595999,,,https://www.j-platpat.inpit.go.jp/c1800/PU/JP-2016-531576/32E7B38F2E8BDFED566F1C70276BC6F98098D1DF0A0486B7A9CFBD2E38474B1B/11/ja
特実_国内文献_バイオマス　酵素混合物.csv,特表2017-530702,特願2017-514847,2015/9/25,2016/3/31,可溶化された酵素およびその使用,ザイレコ，インコーポレイテッド,"C12N9/42,C12N15/00@A,C12P19/14@A","(57)【要約】
本発明は、封入体から可溶化されるバイオマス分解活性を有し、バイオマス分解活性を保<BR>持するポリペプチドまたは複数のポリペプチドを含む混合物と、同混合物の生成方法およ<BR>び使用方法とに関する。本明細書中記載される発明は、宿主細胞から単離できるバイオマ<BR>ス分解活性を伴う組み換えタンパク質の収率を上げる方法を提供する。
【選択図】なし
",特表2017-530702,,,,,https://www.j-platpat.inpit.go.jp/c1800/PU/JP-2017-530702/F20934E9B3002E4B59CE7CF2F22A0AB46BE7B0DC9961B868EE310FF4692132E8/11/ja
特実_国内文献_バイオマス　酵素混合物.csv,特表2022-516786,特願2021-540082,2020/1/10,2020/7/16,フィコシアニンを精製するための方法,フェルメンタル,"C12P21/02@A,C12P1/00@A,C07K14/195,A23L5/46,C12N9/26","(57)【要約】
  本発明は、グリコーゲンの酵素的分解を含む、微細藻類発酵によって産生される、特に<BR>Ｇａｌｄｉｅｒｉａ  ｓｕｌｐｈｕｒａｒｉａによって産生されるフィコシアニンを精製<BR>するための新規な方法に関する。

",特表2022-516786,,,,,https://www.j-platpat.inpit.go.jp/c1800/PU/JP-2022-516786/7FF41EB35CA0F05D89BA649B3320725E2ED1B4E33357CAB26E6A51C07CC5AC01/11/ja
特実_国内文献_加水分解酵素　酵素混合物.csv,特開平02-186976,特願平01-004551,1989/1/11,1990/7/23,古来の品質をもった米酢及び／又は米ワインの生産に用いる半固体発酵の自動化方法,"マルカン酢株式会社,大安工研食品工廠股■有限公司","C12G3/02,119@J,C12J1/04,103@Z,C12J1/04,C12R1:645,C12R1:69,C12R1:845,C12R1:865,C12G3/022,119@J",,特開平02-186976,,特許2828210,,,https://www.j-platpat.inpit.go.jp/c1800/PU/JP-H02-186976/85E8DED9F67F9160A30B349A05EC1C78C7C859A458CB092AA6CB485AFAB15E0C/11/ja
特実_国内文献_酵素カクテル　セルラーゼ.csv,特開2001-238603,特願2000-056239,2000/3/1,2001/9/4,周囲温度に安定な茶濃縮物,ユニリーバー・ナームローゼ・ベンノートシヤープ,"A23F3/18,A23F3/22","(57)【要約】
【課題】  茶固体の量が約20重量％乃至約70重量％であ<BR>る、周囲温度で長期間安定な茶濃縮物及びその製造方法<BR>を提供する。
【解決手段】  酵素による抽出により生成され、茶固体<BR>の量が約45重量％未満である場合に、茶固体の重量に対<BR>して約0.5乃至約2.5重量％のキサンタンガムを含有し、<BR>キサンタンガムガムの量が茶固体の量に逆比例するよう<BR>にすることにより本発明の水性茶濃縮物は得られる。
",特開2001-238603,,特許4563540,拒絶2010-011485,,https://www.j-platpat.inpit.go.jp/c1800/PU/JP-2001-238603/353B5030905FD07B1971E0CF01B875279F0076C0AC20B109A27B81483460F7A1/11/ja
特実_国内文献_酵素カクテル　セルラーゼ.csv,特表2015-504880,特願2014-548760,2011/12/21,2013/6/27,オーラル・ケア組成物,コルゲート・パーモリブ・カンパニー,"A61K8/66,A61Q11/00","(57)【要約】
  効果的量の酵素カクテルを含有するオーラル・ケア組成物であって、酵素カクテルが口<BR>腔で許容可能なキャリヤー中に、アルカリ性プロテアーゼと、セルレラーゼ、α－グルカ<BR>ナーゼおよびその組合せから選択される第２の酵素とを含有するオーラル・ケア組成物、<BR>並びにその製造方法および使用方法が、開示される。
",特表2015-504880,,,,,https://www.j-platpat.inpit.go.jp/c1800/PU/JP-2015-504880/06038A8FA041F73D773E619948DE0D9702DDD711B7DAE6986AB3EE70DDF022BE/11/ja
特実_国内文献_酵素カクテル　加水分解.csv,特表2017-505137,特願2016-550638,2014/4/10,2015/8/13,生物学的酵母、それを得るための方法、およびその使用,ルサッフル・エ・コンパニー,"C12N1/16@D,C12N1/16@E,C12N1/16@F,C12N1/00@F,C12N1/16@G","(57)【要約】
本発明は、酵母を生産するための方法に関する。本発明は特に、生物由来の基体、特にリ<BR>ンに関する酵母の栄養要求を補充することを可能にする生物学的基体の使用を含む、生物<BR>学的酵母を生産するための方法に関する。本発明の方法は、欧州連合規則（ＥＣ）８３４<BR>／２００７に従う生物学的酵母および生物学的酵母抽出物を得ることを可能にする。本発<BR>明に従うと、リンに富む生物学的組成物は、生成物１ｋｇ当り２ｇから１８ｇのリンを含<BR>む生物由来の少なくとも１つの植物基体の加水分解および可溶化によって得られ、そのリ<BR>ンの６０％から８０％はフィチン酸の形態である。本発明に従う好ましい基体はコムギふ<BR>すまである。
【選択図】なし
",特表2017-505137,,特許6616309,,,https://www.j-platpat.inpit.go.jp/c1800/PU/JP-2017-505137/F41A0DC0C2A9652A92E1CF34A22DEE6AB9341CCCF31DCB4D8F148549405AD553/11/ja
特実_国内文献_糖化酵素　酵素混合物.csv,特表2008-537682,特願2008-506761,2006/4/12,2006/10/19,バイオマス処理のためのシステムおよび方法,"イー・アイ・デュポン・ドウ・ヌムール・アンド・カンパニー,アライアンス・フォア・サステインナブル・エナジー・エルエルシー","B09B3/00,304@Z,C02F11/02,C12M1/02@A,C12P19/14@A,C13K1/02,B09B3/45,B09B3/70,B09B101:70,B09B101:85","(57)【要約】
  装置を含むシステムが、バイオマス混合物中の高固体<BR>のバイオマスの乾燥重量でバイオマス処理の成功を可能<BR>にするバイオマスの処理を目的として提示される。本シ<BR>ステムの設計では、反応体が注入ランスを通して導入さ<BR>れる時、バイオマスがバッフル（１８）を用いて回転さ<BR>れる間にバイオマス全体にわたり反応体を分散させるこ<BR>とにより、反応体の広範な分布がもたらされる。バイオ<BR>マスを上下させるためのバッフル（１８）およびバイオ<BR>マス上に落ちる摩擦媒体（１９）を用いて反応体がバイ<BR>オマスに広範囲に吸収され、処理方法を促進するための<BR>装置システムに関する。
",特表2008-537682,,特許4991700,,,https://www.j-platpat.inpit.go.jp/c1800/PU/JP-2008-537682/D6FE96041FD4341E92E7A07CEDD7448848DE3700FD13AB9CB885FE90339E5BA2/11/ja
